"Ranking","occult.prob","X","Y","unicode"
"1","0","223169.359813294","8179517.61856324","1.24.1.384"
"2","0","223106.381158016","8179298.40480599","1.24.1.413"
"3","0","223333.533206526","8179526.81945066","1.24.1.574"
"4","0","223401.626324313","8179566.68402506","1.24.1.579"
"5","0","223411.419485914","8179564.15684745","1.24.1.580"
"6","0","222556.722766728","8180280.17320573","1.24.2.112"
"7","0","222572.207405305","8180286.88563698","1.24.2.113"
"8","0","222585.023113098","8180266.23976818","1.24.2.116"
"9","0","222569.844103795","8180258.52453404","1.24.2.118"
"10","0","222562.408352378","8180266.63956434","1.24.2.119"
"11","0","222522.683335811","8180248.00935718","1.24.2.130"
"12","0","222512.933509959","8180258.11001754","1.24.2.131"
"13","0","222512.984265652","8180272.07157469","1.24.2.132"
"14","0","222536.393260427","8180286.00035821","1.24.2.133"
"15","0","222537.036386086","8180274.28595625","1.24.2.134"
"16","0","222537.771540138","8180261.22467099","1.24.2.135"
"17","0","222536.911399623","8180256.21049979","1.24.2.135A"
"18","0","222492.095928884","8180274.76276702","1.24.2.174"
"19","0","222492.445009945","8180284.78380761","1.24.2.175"
"20","0","222501.523751315","8180310.31234501","1.24.2.176"
"21","0","222499.157106703","8180303.27331392","1.24.2.177"
"22","0","222496.919628239","8180294.06262","1.24.2.178"
"23","0","221988.049015981","8180439.68201695","1.24.3.128B"
"24","0","221988.587568739","8180432.41802801","1.24.3.129A"
"25","0","221989.557742894","8180430.60747005","1.24.3.129B"
"26","0","222384.432323088","8180328.11082181","1.24.3.13"
"27","0","222035.340779127","8180361.89865008","1.24.3.134A"
"28","0","222382.153365989","8180348.84237909","1.24.3.14"
"29","0","222365.143920277","8180348.68431536","1.24.3.15"
"30","0","222256.880910437","8180475.45648594","1.24.3.153"
"31","0","222280.42864749","8180463.27285781","1.24.3.156"
"32","0","222286.06223919","8180470.36068939","1.24.3.157"
"33","0","222285.769819413","8180477.08141004","1.24.3.158"
"34","0","222365.488280367","8180327.40874009","1.24.3.16"
"35","0","222318.047157796","8180413.03927721","1.24.3.161"
"36","0","222315.49331239","8180400.13913473","1.24.3.162"
"37","0","222382.600324175","8180472.5012575","1.24.3.168"
"38","0","222386.720536963","8180469.05221762","1.24.3.168A"
"39","0","222324.696048134","8180307.14738701","1.24.3.20"
"40","0","222308.855221578","8180298.73775098","1.24.3.21"
"41","0","222294.83059704","8180319.01147186","1.24.3.22"
"42","0","222270.872053462","8180304.17390031","1.24.3.25"
"43","0","222263.217429161","8180332.46973312","1.24.3.26"
"44","0","222282.288262047","8180333.94316805","1.24.3.27"
"45","0","222302.223945336","8180335.20911195","1.24.3.28"
"46","0","222293.65124096","8180351.0447144","1.24.3.29"
"47","0","222273.161919929","8180354.07219412","1.24.3.30"
"48","0","222252.906272644","8180378.64100621","1.24.3.33"
"49","0","222259.892515356","8180383.46431135","1.24.3.34"
"50","0","222407.957584185","8180385.48452055","1.24.3.7"
"51","0","222397.270303474","8180385.21516958","1.24.3.7A"
"52","0","222396.662363177","8180378.62053936","1.24.3.8"
"53","0","221957.958892779","8180316.40488271","1.24.3.89"
"54","0","222387.490845552","8180371.41667297","1.24.3.8A"
"55","0","222397.205822787","8180352.80795743","1.24.3.9"
"56","0","221941.251436345","8180313.88196109","1.24.3.90"
"57","0","221941.21530452","8180317.03949372","1.24.3.90A"
"58","0","221938.74999308","8180324.1336953","1.24.3.91"
"59","0","221937.756484577","8180332.60585203","1.24.3.92"
"60","0","221948.283839175","8180363.30865432","1.24.3.96"
"61","0","222347.546878068","8180490.79558724","1.24.4.112"
"62","0","222351.477259074","8180489.66640558","1.24.4.112A"
"63","0","222357.916176131","8180491.30718672","1.24.4.113"
"64","0","222366.580297325","8180497.65421495","1.24.4.114"
"65","0","222374.357767015","8180490.88173808","1.24.4.115"
"66","0","222381.30182325","8180498.88116438","1.24.4.115A"
"67","0","222059.058651052","8180469.9742101","1.24.4.50"
"68","0","222066.280010244","8180469.79336441","1.24.4.51"
"69","0","222082.206889146","8180468.06243333","1.24.4.59"
"70","0","222168.27099513","8180493.58925963","1.24.4.79"
"71","0","222164.968342959","8180505.30663172","1.24.4.80"
"72","0","222165.097036486","8180514.06513354","1.24.4.81"
"73","0","222196.002821187","8180524.27923082","1.24.4.84"
"74","0","222196.131557677","8180515.56060964","1.24.4.85"
"75","0","222198.325572949","8180501.70890368","1.24.4.86"
"76","0","222235.903129176","8180500.46881406","1.24.4.87"
"77","0","222236.196927296","8180509.31813765","1.24.4.88"
"78","0","222235.983017962","8180516.81573377","1.24.4.89"
"79","0","222235.148315886","8180523.89610478","1.24.4.90"
"80","0","222246.18957373","8180519.8648692","1.24.4.93"
"81","0","222248.718806343","8180512.58281975","1.24.4.94"
"82","0","222249.851257714","8180503.32459018","1.24.4.95"
"83","0","222249.703506324","8180492.01067881","1.24.4.96"
"84","0","222331.250929826","8179858.2600926","1.24.1.1"
"85","0","222507.512051457","8179801.00217806","1.24.1.10"
"86","0","222900.061916575","8179930.4536869","1.24.1.100"
"87","0","222900.981163819","8179921.14520243","1.24.1.101"
"88","0","222899.804103547","8179905.03547735","1.24.1.102"
"89","0","222900.155005463","8179892.39464627","1.24.1.103"
"90","0","222893.254073475","8179880.13597991","1.24.1.104"
"91","0","222907.537456492","8179873.30452248","1.24.1.105"
"92","0","222919.61092135","8179863.69088983","1.24.1.106"
"93","0","222950.001409384","8179854.71737056","1.24.1.107"
"94","0","222964.470049475","8179854.64771493","1.24.1.108"
"95","0","222975.787884516","8179850.45153307","1.24.1.108A"
"96","0","222989.014215628","8179848.54535596","1.24.1.108B"
"97","0","223001.339650386","8179849.76249943","1.24.1.108C"
"98","0","223027.443647986","8179877.42905019","1.24.1.109"
"99","0","222531.235348279","8179795.52281054","1.24.1.11"
"100","0","223027.004335577","8179861.09422965","1.24.1.110"
"101","0","223022.84407367","8179837.8445663","1.24.1.111"
"102","0","223045.193507338","8179838.64757133","1.24.1.112"
"103","0","223070.605143296","8179834.44706597","1.24.1.113"
"104","0","223104.947457597","8179827.06096849","1.24.1.114"
"105","0","223115.247921218","8179825.98054299","1.24.1.115"
"106","0","223122.937074081","8179820.59284859","1.24.1.115A"
"107","0","223133.961890029","8179820.2143711","1.24.1.116"
"108","0","223147.016787016","8179840.73562986","1.24.1.117"
"109","0","223152.130236361","8180139.21708034","1.24.1.118"
"110","0","223160.363093489","8180284.67835975","1.24.1.119"
"111","0","222540.42171646","8179775.1769722","1.24.1.12"
"112","0","223124.920430203","8180337.85663169","1.24.1.120"
"113","0","223202.286112857","8180251.81837393","1.24.1.121"
"114","0","223195.920899235","8180221.48587185","1.24.1.122"
"115","0","223200.09848142","8180112.54310649","1.24.1.123"
"116","0","223179.02982596","8179845.28847066","1.24.1.124"
"117","0","223170.989499104","8179819.3042816","1.24.1.125"
"118","0","223182.234134254","8179819.6753344","1.24.1.126"
"119","0","223194.353545564","8179820.06302744","1.24.1.127"
"120","0","223201.935751166","8179816.84714803","1.24.1.128"
"121","0","223211.686894002","8179816.42776598","1.24.1.129"
"122","0","222549.911152927","8179773.92129487","1.24.1.13"
"123","0","223219.472626176","8179817.30644981","1.24.1.130"
"124","0","223231.117274593","8179816.36618769","1.24.1.131"
"125","0","223258.26423745","8179814.51710566","1.24.1.132"
"126","0","223274.988073479","8179812.31392437","1.24.1.133"
"127","0","223289.545135825","8179811.0745981","1.24.1.134"
"128","0","223305.83715395","8179813.65980009","1.24.1.135"
"129","0","223334.238794486","8179802.24058124","1.24.1.136"
"130","0","223339.913552293","8179800.96297737","1.24.1.137"
"131","0","223347.159351003","8179799.46633117","1.24.1.138"
"132","0","223352.97319681","8179798.75759862","1.24.1.139"
"133","0","222543.34669566","8179792.69980729","1.24.1.14"
"134","0","223362.869896588","8179799.79577878","1.24.1.140"
"135","0","223376.13713066","8179799.37267314","1.24.1.141"
"136","0","223388.978742145","8179797.92176883","1.24.1.142"
"137","0","223398.188169208","8179797.14503928","1.24.1.143"
"138","0","223402.41221905","8179796.36594124","1.24.1.143A"
"139","0","223410.997918002","8179796.53304708","1.24.1.143B"
"140","0","223418.035726487","8179796.67002124","1.24.1.143C"
"141","0","223423.661094946","8179797.87195072","1.24.1.144"
"142","0","223429.096315681","8179797.741302","1.24.1.145"
"143","0","223441.167013348","8179795.50217997","1.24.1.146"
"144","0","223453.239988168","8179792.74259463","1.24.1.147"
"145","0","223462.775786393","8179792.6834163","1.24.1.148"
"146","0","223474.193107298","8179791.81386901","1.24.1.149"
"147","0","222572.59025387","8179788.11838857","1.24.1.15"
"148","0","223487.704774844","8179791.38019805","1.24.1.150"
"149","0","223504.37384123","8179787.43331462","1.24.1.151"
"150","0","223430.02356937","8179762.94064728","1.24.1.152"
"151","0","223458.135910723","8179766.48646782","1.24.1.153"
"152","0","223464.897647155","8179764.92784622","1.24.1.154"
"153","0","223472.898422497","8179764.81573424","1.24.1.155"
"154","0","223482.014824925","8179763.14730143","1.24.1.156"
"155","0","223490.63034671","8179761.79918679","1.24.1.157"
"156","0","223497.943287989","8179761.87040133","1.24.1.158"
"157","0","223508.921159549","8179758.80520049","1.24.1.159"
"158","0","222571.730082448","8179832.88540227","1.24.1.16"
"159","0","223485.141515869","8179733.2786056","1.24.1.160"
"160","0","223447.458712166","8179708.37101881","1.24.1.161"
"161","0","223457.96104749","8179687.11752305","1.24.1.162"
"162","0","223455.441131751","8179675.37832306","1.24.1.163"
"163","0","223452.236675622","8179667.71742057","1.24.1.164"
"164","0","223453.161885854","8179654.61714497","1.24.1.165"
"165","0","223451.742678176","8179649.42618787","1.24.1.166"
"166","0","223449.301255182","8179640.94394536","1.24.1.167"
"167","0","223443.258521535","8179630.4675915","1.24.1.168"
"168","0","223436.343617233","8179634.7807785","1.24.1.169"
"169","0","222570.548703269","8179873.72023957","1.24.1.17"
"170","0","223427.460201078","8179636.96027634","1.24.1.170"
"171","0","223422.293221848","8179638.57484584","1.24.1.171"
"172","0","223415.363907141","8179641.44690463","1.24.1.172"
"173","0","223411.502434418","8179643.80569956","1.24.1.173"
"174","0","223408.144321554","8179644.74888833","1.24.1.174"
"175","0","223404.343840605","8179645.3803121","1.24.1.174A"
"176","0","223402.140461244","8179647.76932412","1.24.1.175"
"177","0","223398.873186259","8179649.20696476","1.24.1.175A"
"178","0","223395.798789593","8179649.95988116","1.24.1.176"
"179","0","223388.271570126","8179651.22536529","1.24.1.177"
"180","0","223382.769472232","8179653.97032921","1.24.1.178"
"181","0","223373.448582111","8179657.10420377","1.24.1.179"
"182","0","222572.013285775","8179890.11562653","1.24.1.18"
"183","0","223378.080620027","8179665.67249824","1.24.1.180"
"184","0","223380.941982172","8179671.98020585","1.24.1.181"
"185","0","223387.337786242","8179681.03962305","1.24.1.182"
"186","0","223390.147114405","8179690.88692988","1.24.1.183"
"187","0","223391.379192748","8179695.6669142","1.24.1.184"
"188","0","223395.802947085","8179700.29775423","1.24.1.184A"
"189","0","223396.615698303","8179704.9459267","1.24.1.184B"
"190","0","223397.98078534","8179708.07265234","1.24.1.184C"
"191","0","223403.407254016","8179713.43496861","1.24.1.185"
"192","0","223430.787261927","8179706.40835021","1.24.1.186"
"193","0","223406.127282016","8179721.52380039","1.24.1.187"
"194","0","223376.679649759","8179710.68499476","1.24.1.188"
"195","0","223371.894781345","8179704.22914378","1.24.1.189"
"196","0","222558.966449956","8179895.4668435","1.24.1.19"
"197","0","223370.106339658","8179691.34833702","1.24.1.190"
"198","0","223364.492922957","8179679.91864377","1.24.1.191"
"199","0","223357.463705918","8179667.68963248","1.24.1.192"
"200","0","223348.377586528","8179668.35640858","1.24.1.193"
"201","0","223340.721674497","8179671.28708206","1.24.1.194"
"202","0","223330.211954532","8179672.94755217","1.24.1.195"
"203","0","223333.948904516","8179670.7119226","1.24.1.195A"
"204","0","223325.72972481","8179673.79981406","1.24.1.196"
"205","0","223321.153186305","8179680.16662604","1.24.1.197"
"206","0","223302.542771772","8179685.64428163","1.24.1.198"
"207","0","223286.429901053","8179690.21450387","1.24.1.199"
"208","0","222351.387887209","8179853.04476341","1.24.1.2"
"209","0","222548.224307188","8179902.09230702","1.24.1.20"
"210","0","223289.023408286","8179702.57858324","1.24.1.200"
"211","0","223294.541568426","8179713.4628591","1.24.1.201"
"212","0","223301.568572723","8179725.7613216","1.24.1.202"
"213","0","223308.204660088","8179724.34468183","1.24.1.203"
"214","0","223317.358641803","8179722.95566718","1.24.1.204"
"215","0","223323.534520984","8179719.89415472","1.24.1.205"
"216","0","223345.332370768","8179716.37934091","1.24.1.206"
"217","0","223353.75827672","8179714.64460507","1.24.1.207"
"218","0","223365.964416395","8179713.07263219","1.24.1.208"
"219","0","223381.110101562","8179746.10758","1.24.1.209"
"220","0","222537.398850241","8179915.20543954","1.24.1.21"
"221","0","223361.966960643","8179733.34985724","1.24.1.210"
"222","0","223350.548792828","8179734.18319412","1.24.1.211"
"223","0","223337.946319186","8179739.2411967","1.24.1.212"
"224","0","223310.772122858","8179743.21791754","1.24.1.213"
"225","0","223315.945203389","8179752.91626011","1.24.1.214"
"226","0","223323.207274336","8179762.18740583","1.24.1.215"
"227","0","223323.510438705","8179770.00490975","1.24.1.216"
"228","0","223323.591199541","8179773.31695746","1.24.1.216A"
"229","0","223330.13714321","8179783.74327367","1.24.1.217"
"230","0","223342.613090188","8179781.17858091","1.24.1.218"
"231","0","223351.743807159","8179779.12399373","1.24.1.219"
"232","0","222530.487159053","8179925.4219234","1.24.1.22"
"233","0","223371.104126791","8179775.81051907","1.24.1.220"
"234","0","223293.549931764","8179785.81429208","1.24.1.221"
"235","0","223270.903622664","8179763.66250907","1.24.1.222"
"236","0","223258.47574371","8179764.17284419","1.24.1.223"
"237","0","223247.597090516","8179767.2651204","1.24.1.224"
"238","0","223251.532206702","8179774.19920089","1.24.1.225"
"239","0","223257.580615293","8179790.49618501","1.24.1.226"
"240","0","223234.515359866","8179793.08563123","1.24.1.227"
"241","0","223231.885643765","8179780.38662152","1.24.1.228"
"242","0","223226.465568839","8179767.35074769","1.24.1.229"
"243","0","222520.879353273","8179940.80276571","1.24.1.23"
"244","0","223208.951330612","8179759.24163765","1.24.1.230"
"245","0","223213.245169682","8179755.74178153","1.24.1.231"
"246","0","223221.855962828","8179755.51974599","1.24.1.232"
"247","0","223230.839547049","8179752.41391556","1.24.1.233"
"248","0","223238.589106411","8179749.62551213","1.24.1.234"
"249","0","223247.79000703","8179746.96704038","1.24.1.235"
"250","0","223257.091451528","8179744.42967666","1.24.1.236"
"251","0","223264.705187765","8179739.787851","1.24.1.237"
"252","0","223273.855562175","8179736.27135973","1.24.1.238"
"253","0","223284.677564897","8179735.99545568","1.24.1.239"
"254","0","222465.21400663","8179906.32391684","1.24.1.24"
"255","0","223267.381288082","8179697.04532554","1.24.1.240"
"256","0","223256.693995283","8179701.42795851","1.24.1.241"
"257","0","223246.620314712","8179705.82233969","1.24.1.242"
"258","0","223228.400002876","8179712.25767079","1.24.1.243"
"259","0","223217.616213727","8179722.15297397","1.24.1.244"
"260","0","223206.526225798","8179721.95603872","1.24.1.245"
"261","0","223198.985378445","8179721.96576183","1.24.1.245A"
"262","0","223194.315152761","8179725.54403237","1.24.1.246"
"263","0","223184.270890855","8179727.62730873","1.24.1.247"
"264","0","223175.120769392","8179732.51232693","1.24.1.248"
"265","0","223161.318860966","8179745.38915507","1.24.1.249"
"266","0","222547.54372431","8179955.88216213","1.24.1.25"
"267","0","223165.391884446","8179782.83056033","1.24.1.250"
"268","0","223162.136779363","8179797.97517973","1.24.1.251"
"269","0","223169.757420939","8179796.27178222","1.24.1.252"
"270","0","223177.551679867","8179796.29287743","1.24.1.253"
"271","0","223186.983615312","8179798.24777606","1.24.1.254"
"272","0","223196.928360336","8179793.49983941","1.24.1.255"
"273","0","223205.099829906","8179798.10304428","1.24.1.256"
"274","0","223211.28277594","8179798.09538091","1.24.1.257"
"275","0","223222.261753362","8179795.95095918","1.24.1.258"
"276","0","223099.056181277","8179771.9042418","1.24.1.259"
"277","0","222551.964087095","8179942.53186575","1.24.1.26"
"278","0","223103.404791748","8179763.55841297","1.24.1.260"
"279","0","223105.336225926","8179756.41323937","1.24.1.261"
"280","0","223111.592078902","8179749.90917946","1.24.1.263"
"281","0","223110.14286063","8179728.76302195","1.24.1.264"
"282","0","223120.095327054","8179726.68783322","1.24.1.265"
"283","0","223126.173987957","8179719.53452977","1.24.1.266"
"284","0","223137.914313365","8179713.94745259","1.24.1.267"
"285","0","223144.89768421","8179711.39092929","1.24.1.268"
"286","0","223151.514588128","8179711.50521801","1.24.1.269"
"287","0","222564.796011663","8179921.81236067","1.24.1.27"
"288","0","223158.122642409","8179710.18604615","1.24.1.270"
"289","0","223166.153042008","8179707.87605263","1.24.1.271"
"290","0","223164.086562974","8179701.57894582","1.24.1.272"
"291","0","223161.535644097","8179697.10445413","1.24.1.272A"
"292","0","223158.80733072","8179692.72867267","1.24.1.273"
"293","0","223154.312302656","8179684.35229386","1.24.1.274"
"294","0","223148.964337229","8179673.3641847","1.24.1.275"
"295","0","223143.179937","8179657.29536389","1.24.1.276"
"296","0","223133.077176939","8179642.6230824","1.24.1.277"
"297","0","223121.158485251","8179641.31484814","1.24.1.278"
"298","0","223109.370593387","8179643.13133638","1.24.1.279"
"299","0","222567.487244545","8179935.89519267","1.24.1.28"
"300","0","223084.187391008","8179652.81181757","1.24.1.280"
"301","0","223071.866928901","8179658.76326572","1.24.1.281"
"302","0","223065.528005025","8179660.48324099","1.24.1.282"
"303","0","223060.316644577","8179664.6605791","1.24.1.283"
"304","0","223062.200872014","8179750.41679769","1.24.1.284"
"305","0","223078.569622344","8179760.7600354","1.24.1.285"
"306","0","223017.459173981","8179682.61514595","1.24.1.286"
"307","0","223011.288596773","8179677.74150801","1.24.1.287"
"308","0","222996.714023748","8179674.93372892","1.24.1.288"
"309","0","222979.734667344","8179652.58986631","1.24.1.289"
"310","0","222576.409366347","8179968.02389634","1.24.1.29"
"311","0","222371.696194068","8179544.36473013","1.24.1.290"
"312","0","222357.809182096","8179541.49501595","1.24.1.290A"
"313","0","222498.215519316","8179447.55180814","1.24.1.291"
"314","0","222501.196911356","8179462.27961162","1.24.1.291A"
"315","0","222763.179958782","8179638.7302767","1.24.1.292"
"316","0","222853.611329395","8179629.53567761","1.24.1.293"
"317","0","222873.384226401","8179626.74662587","1.24.1.294"
"318","0","222883.875896374","8179624.02241069","1.24.1.295"
"319","0","223081.625871705","8179640.17562412","1.24.1.296"
"320","0","223078.38043685","8179636.79430926","1.24.1.297"
"321","0","223077.38908855","8179633.15310767","1.24.1.297A"
"322","0","223076.204023838","8179629.69189425","1.24.1.297B"
"323","0","223074.915426629","8179626.97067483","1.24.1.297C"
"324","0","223078.67331764","8179612.38282621","1.24.1.298"
"325","0","223083.316423078","8179611.39522419","1.24.1.298A"
"326","0","223087.001295564","8179616.67073005","1.24.1.298B"
"327","0","223089.342969802","8179621.21534111","1.24.1.298C"
"328","0","223090.911676217","8179625.09524195","1.24.1.299"
"329","0","222336.436288517","8179840.74587122","1.24.1.3"
"330","0","222577.877486252","8179955.38328726","1.24.1.30"
"331","0","223089.476732496","8179634.08254149","1.24.1.300"
"332","0","223096.83902159","8179596.61775737","1.24.1.301"
"333","0","223086.929166836","8179549.82136123","1.24.1.302"
"334","0","223075.9049301","8179526.63609477","1.24.1.303"
"335","0","223046.124281798","8179528.11795059","1.24.1.304"
"336","0","223059.58639433","8179514.40478051","1.24.1.305"
"337","0","223076.314966581","8179518.95691848","1.24.1.306"
"338","0","223073.794763285","8179510.15826489","1.24.1.307"
"339","0","223068.765898075","8179503.00055356","1.24.1.308"
"340","0","223063.745780478","8179494.44363186","1.24.1.309"
"341","0","222576.477618067","8179915.1207711","1.24.1.31"
"342","0","223058.414587664","8179485.09385621","1.24.1.310"
"343","0","222990.374696069","8179453.23096989","1.24.1.311"
"344","0","223089.596100085","8179416.11230922","1.24.1.312"
"345","0","223101.414232339","8179487.75677831","1.24.1.313"
"346","0","223137.268383537","8179529.76372392","1.24.1.314"
"347","0","223123.2817285","8179535.15150039","1.24.1.315"
"348","0","223112.637636747","8179540.8686845","1.24.1.316"
"349","0","223147.916791658","8179560.3467753","1.24.1.317"
"350","0","223147.132961141","8179548.5609557","1.24.1.318"
"351","0","223157.632281784","8179572.78749247","1.24.1.319"
"352","0","222585.936933406","8179911.5075408","1.24.1.32"
"353","0","223131.347755449","8179586.08196005","1.24.1.320"
"354","0","223150.228430349","8179608.39325082","1.24.1.321"
"355","0","223162.385768293","8179606.18658705","1.24.1.322"
"356","0","223173.085949462","8179603.00103459","1.24.1.323"
"357","0","223170.119832706","8179595.64430677","1.24.1.324"
"358","0","223167.509016833","8179587.28416987","1.24.1.325"
"359","0","223165.513198341","8179581.48581538","1.24.1.326"
"360","0","223181.684328106","8179617.93336023","1.24.1.327"
"361","0","223174.363524577","8179623.21534757","1.24.1.328"
"362","0","223166.002838604","8179626.27989725","1.24.1.329"
"363","0","222610.971000897","8179911.62581926","1.24.1.33"
"364","0","223155.031989885","8179629.83008526","1.24.1.330"
"365","0","223161.323607918","8179641.94448818","1.24.1.331"
"366","0","223165.678488988","8179651.71071012","1.24.1.332"
"367","0","223177.819491547","8179650.35508521","1.24.1.333"
"368","0","223191.09748637","8179647.11313809","1.24.1.334"
"369","0","223188.287259703","8179639.9581181","1.24.1.335"
"370","0","223184.732003361","8179631.11930391","1.24.1.336"
"371","0","223200.031806407","8179659.14168479","1.24.1.337"
"372","0","223188.922623308","8179663.81174783","1.24.1.338"
"373","0","223177.439653824","8179667.3523737","1.24.1.339"
"374","0","222610.154327675","8179931.5433511","1.24.1.34"
"375","0","223171.999028452","8179674.26708754","1.24.1.340"
"376","0","223184.491353869","8179701.12289394","1.24.1.341"
"377","0","223190.993209425","8179699.19191137","1.24.1.342"
"378","0","223197.869858283","8179697.89499006","1.24.1.343"
"379","0","223205.535533178","8179694.96817506","1.24.1.344"
"380","0","223210.251024694","8179693.45301413","1.24.1.344A"
"381","0","223214.341823106","8179691.17086111","1.24.1.345"
"382","0","223227.944040071","8179683.76544658","1.24.1.346"
"383","0","223236.956394041","8179681.33969612","1.24.1.347"
"384","0","223243.927717227","8179679.14918559","1.24.1.348"
"385","0","223249.518902703","8179675.5654383","1.24.1.349"
"386","0","222617.007695313","8179950.13723217","1.24.1.35"
"387","0","223257.602057453","8179672.263579","1.24.1.350"
"388","0","223252.911927959","8179656.77307517","1.24.1.351"
"389","0","223245.865621075","8179646.00314267","1.24.1.352"
"390","0","223238.015722217","8179646.86453584","1.24.1.353"
"391","0","223232.759916392","8179650.8145396","1.24.1.354"
"392","0","223224.73095187","8179652.59618213","1.24.1.355"
"393","0","223217.821251712","8179655.78599246","1.24.1.356"
"394","0","223214.30542416","8179638.26454423","1.24.1.357"
"395","0","223225.722867694","8179633.90777004","1.24.1.358"
"396","0","223238.248210376","8179629.18234429","1.24.1.359"
"397","0","222630.301596125","8179947.47978662","1.24.1.36"
"398","0","223233.415075808","8179621.45765042","1.24.1.360"
"399","0","223227.297546493","8179614.06654169","1.24.1.361"
"400","0","223224.121109416","8179604.82859645","1.24.1.362"
"401","0","223213.468386894","8179607.89347676","1.24.1.363"
"402","0","223200.386461054","8179611.32399154","1.24.1.364"
"403","0","223201.272430722","8179617.88068693","1.24.1.365"
"404","0","223204.748605364","8179625.90688973","1.24.1.366"
"405","0","223209.38229095","8179632.53321883","1.24.1.367"
"406","0","223194.724988768","8179593.6327728","1.24.1.368"
"407","0","223205.5014955","8179589.46253548","1.24.1.369"
"408","0","222627.294619775","8179933.9091329","1.24.1.37"
"409","0","223215.778758537","8179584.44399212","1.24.1.370"
"410","0","223207.65447101","8179556.33331871","1.24.1.371"
"411","0","223179.516544872","8179566.18387182","1.24.1.372"
"412","0","223182.045128741","8179572.11769523","1.24.1.373"
"413","0","223184.458694344","8179577.14330037","1.24.1.374"
"414","0","223188.67784566","8179582.81341104","1.24.1.375"
"415","0","223169.762420846","8179548.886295","1.24.1.376"
"416","0","223175.118942857","8179545.22625384","1.24.1.377"
"417","0","223180.181828874","8179543.75704179","1.24.1.378"
"418","0","223186.930917117","8179541.29367172","1.24.1.379"
"419","0","222621.969798095","8179913.30360932","1.24.1.38"
"420","0","223191.455239023","8179539.83507326","1.24.1.380"
"421","0","223198.542112382","8179537.27717187","1.24.1.381"
"422","0","223186.627890563","8179513.63338982","1.24.1.382"
"423","0","223178.321529317","8179515.68656188","1.24.1.383"
"424","0","223164.261432051","8179521.27986674","1.24.1.385"
"425","0","223158.132591216","8179523.77141305","1.24.1.386"
"426","0","223151.316934527","8179502.67163755","1.24.1.387"
"427","0","223172.567735384","8179495.0953689","1.24.1.388"
"428","0","223166.495482073","8179483.18558059","1.24.1.389"
"429","0","222627.08104333","8179912.58552204","1.24.1.39"
"430","0","223164.961519821","8179471.88767162","1.24.1.390"
"431","0","223162.16445554","8179466.48675826","1.24.1.391"
"432","0","223161.07027002","8179460.53561126","1.24.1.392"
"433","0","223156.075400105","8179454.67429833","1.24.1.393"
"434","0","223153.792003774","8179447.88715308","1.24.1.394"
"435","0","223148.340834928","8179434.41841515","1.24.1.395"
"436","0","223143.789335538","8179425.94945275","1.24.1.396"
"437","0","223140.27851542","8179417.3656973","1.24.1.397"
"438","0","223116.332845904","8179427.59127462","1.24.1.398"
"439","0","223122.27567448","8179442.37157718","1.24.1.399"
"440","0","222371.98971027","8179842.35190259","1.24.1.4"
"441","0","222635.309797937","8179911.63423259","1.24.1.40"
"442","0","223131.359494801","8179453.62738878","1.24.1.400"
"443","0","223134.490495433","8179464.63491792","1.24.1.401"
"444","0","223137.943893286","8179471.14444178","1.24.1.402"
"445","0","223141.052893832","8179476.30692608","1.24.1.403"
"446","0","223144.101728595","8179484.79628129","1.24.1.404"
"447","0","223147.413319237","8179492.64462824","1.24.1.405"
"448","0","223069.056384007","8179270.55737944","1.24.1.406"
"449","0","222999.988410979","8179233.32666025","1.24.1.407"
"450","0","222791.443326312","8179180.51679751","1.24.1.408"
"451","0","223118.175617613","8178938.46307686","1.24.1.409"
"452","0","222641.763250089","8179911.81773943","1.24.1.41"
"453","0","222846.631675709","8179170.55148304","1.24.1.410"
"454","0","222989.503097118","8179114.89033076","1.24.1.411"
"455","0","223002.414787949","8179194.87936661","1.24.1.412"
"456","0","223112.229900982","8179310.04905046","1.24.1.414"
"457","0","223117.291768151","8179318.75015206","1.24.1.415"
"458","0","223120.843459995","8179326.14815049","1.24.1.416"
"459","0","223125.963217919","8179334.73433756","1.24.1.417"
"460","0","223130.670661234","8179344.21838892","1.24.1.418"
"461","0","223155.090951282","8179324.78832173","1.24.1.419"
"462","0","222648.971194257","8179910.75167967","1.24.1.42"
"463","0","223160.381287082","8179341.1839275","1.24.1.420"
"464","0","223177.677422683","8179340.56452694","1.24.1.421"
"465","0","223187.817483578","8179343.83306975","1.24.1.422"
"466","0","223190.043208134","8179348.06912441","1.24.1.423"
"467","0","223192.212937537","8179354.91913534","1.24.1.424"
"468","0","223181.607808818","8179354.32007587","1.24.1.425"
"469","0","223172.986250807","8179357.45097515","1.24.1.426"
"470","0","223166.544723889","8179360.48537039","1.24.1.427"
"471","0","223156.618452361","8179359.30429097","1.24.1.428"
"472","0","223144.591239012","8179357.25770872","1.24.1.429"
"473","0","222654.511117614","8179910.05074567","1.24.1.43"
"474","0","223132.761421371","8179357.36755368","1.24.1.430"
"475","0","223133.386028226","8179362.40739169","1.24.1.431"
"476","0","223138.36648288","8179367.95992195","1.24.1.432"
"477","0","223176.072711328","8179374.26578182","1.24.1.433"
"478","0","223164.372748427","8179377.59466761","1.24.1.433A"
"479","0","223144.015152573","8179380.57459494","1.24.1.434"
"480","0","223153.003612484","8179389.98789573","1.24.1.435"
"481","0","223192.45057225","8179409.74833726","1.24.1.436"
"482","0","223180.029341614","8179413.25314641","1.24.1.437"
"483","0","223166.639692724","8179412.11011171","1.24.1.437A"
"484","0","223159.980657331","8179413.17491845","1.24.1.438"
"485","0","223158.68169296","8179417.32077132","1.24.1.438A"
"486","0","223163.00298637","8179422.52734869","1.24.1.438B"
"487","0","223165.806765347","8179428.10554295","1.24.1.439"
"488","0","222664.279549053","8179909.39291302","1.24.1.44"
"489","0","223168.953418117","8179433.79506664","1.24.1.440"
"490","0","223173.811713114","8179443.86093361","1.24.1.441"
"491","0","223174.544764324","8179451.28176934","1.24.1.442"
"492","0","223192.636425897","8179487.35713612","1.24.1.443"
"493","0","223202.968497976","8179487.95942544","1.24.1.444"
"494","0","223210.506830259","8179482.36933707","1.24.1.445"
"495","0","223222.813705728","8179477.25842472","1.24.1.446"
"496","0","223213.716128167","8179461.03483167","1.24.1.447"
"497","0","223209.903067492","8179448.43553252","1.24.1.448"
"498","0","223204.471452231","8179440.64992756","1.24.1.449"
"499","0","222674.845107879","8179907.86214128","1.24.1.45"
"500","0","223198.185548021","8179432.69425751","1.24.1.450"
"501","0","223193.753237367","8179425.78823369","1.24.1.451"
"502","0","223221.059473835","8179501.20473218","1.24.1.452"
"503","0","223214.255552314","8179505.30843973","1.24.1.453"
"504","0","223213.224491043","8179531.10559479","1.24.1.454"
"505","0","223223.043729468","8179528.52637816","1.24.1.455"
"506","0","223231.801037246","8179525.5785287","1.24.1.456"
"507","0","223241.641765894","8179523.57110495","1.24.1.457"
"508","0","223249.821255636","8179542.17392432","1.24.1.458"
"509","0","223234.475622741","8179544.41793517","1.24.1.459"
"510","0","222680.015031134","8179907.32903843","1.24.1.45A"
"511","0","222689.503613623","8179906.05691782","1.24.1.46"
"512","0","223235.860604209","8179554.85823267","1.24.1.460"
"513","0","223239.345029105","8179572.33379996","1.24.1.461"
"514","0","223255.180333215","8179567.68062276","1.24.1.462"
"515","0","223257.862048845","8179554.80375011","1.24.1.463"
"516","0","223255.32268496","8179549.09506971","1.24.1.464"
"517","0","223270.428778239","8179589.07273508","1.24.1.465"
"518","0","223264.512971215","8179590.33669432","1.24.1.466"
"519","0","223258.110835309","8179593.74060498","1.24.1.467"
"520","0","223252.856554638","8179593.6512789","1.24.1.468"
"521","0","223246.966798659","8179595.12535243","1.24.1.469"
"522","0","222703.971158094","8179904.88568669","1.24.1.47"
"523","0","223241.389306098","8179596.83975174","1.24.1.470"
"524","0","223245.598785673","8179607.45001683","1.24.1.471"
"525","0","223253.623202041","8179624.21945803","1.24.1.472"
"526","0","223259.611172162","8179622.56253263","1.24.1.473"
"527","0","223265.476202032","8179619.55819578","1.24.1.474"
"528","0","223270.166587915","8179617.68298306","1.24.1.475"
"529","0","223273.472331154","8179616.58837334","1.24.1.476"
"530","0","223276.659325595","8179615.38231391","1.24.1.477"
"531","0","223284.265598317","8179612.88742606","1.24.1.478"
"532","0","223278.039264666","8179604.88357001","1.24.1.479"
"533","0","223275.279331171","8179599.56049307","1.24.1.479A"
"534","0","222720.273282016","8179901.0349135","1.24.1.48"
"535","0","223287.048239672","8179630.66985402","1.24.1.480"
"536","0","223270.638348137","8179635.84912561","1.24.1.481"
"537","0","223262.342951937","8179640.04549116","1.24.1.482"
"538","0","223265.221967675","8179645.14956063","1.24.1.482A"
"539","0","223268.727771238","8179649.1847037","1.24.1.483"
"540","0","223275.238438267","8179665.24938203","1.24.1.484"
"541","0","223287.233206967","8179661.79612102","1.24.1.485"
"542","0","223300.412732355","8179654.77157967","1.24.1.486"
"543","0","223318.428697354","8179648.88480835","1.24.1.487"
"544","0","223330.739035575","8179645.43109647","1.24.1.488"
"545","0","223347.504657459","8179642.83661531","1.24.1.489"
"546","0","222725.328771071","8179918.56946036","1.24.1.49"
"547","0","223344.361943029","8179634.49756819","1.24.1.490"
"548","0","223341.080687387","8179628.04598687","1.24.1.491"
"549","0","223333.490758865","8179615.78204492","1.24.1.492"
"550","0","223324.720519016","8179621.69557817","1.24.1.493"
"551","0","223305.198049961","8179623.27976677","1.24.1.494"
"552","0","223302.443232582","8179608.52100664","1.24.1.495"
"553","0","223323.905775635","8179601.18050623","1.24.1.496"
"554","0","223322.36638957","8179588.96847489","1.24.1.497"
"555","0","223318.736160223","8179579.57548339","1.24.1.498"
"556","0","223315.235233931","8179570.5528775","1.24.1.499"
"557","0","222401.365644477","8179822.21549071","1.24.1.5"
"558","0","222754.343059357","8179889.38065376","1.24.1.50"
"559","0","223303.555219752","8179573.53118136","1.24.1.500"
"560","0","223296.502140832","8179576.3545893","1.24.1.501"
"561","0","223287.617250564","8179579.83172203","1.24.1.502"
"562","0","223258.6229316","8179517.48498261","1.24.1.503"
"563","0","223270.758426831","8179513.37624867","1.24.1.504"
"564","0","223262.781117134","8179491.29533164","1.24.1.505"
"565","0","223256.324654364","8179490.56207754","1.24.1.505A"
"566","0","223249.711725099","8179492.82288963","1.24.1.506"
"567","0","223254.678241846","8179504.37965968","1.24.1.507"
"568","0","223240.621498271","8179471.18227516","1.24.1.508"
"569","0","223232.617992588","8179455.18450235","1.24.1.509"
"570","0","222768.016619249","8179889.43897074","1.24.1.51"
"571","0","223222.871034403","8179436.25083029","1.24.1.510"
"572","0","223216.915759452","8179425.15912667","1.24.1.511"
"573","0","223213.76790816","8179419.16860474","1.24.1.512"
"574","0","223210.594254259","8179415.46381551","1.24.1.512A"
"575","0","223208.145435092","8179408.91825001","1.24.1.512B"
"576","0","223244.136523136","8179447.41301935","1.24.1.513"
"577","0","223244.641139508","8179453.09956204","1.24.1.514"
"578","0","223247.941321291","8179458.684491","1.24.1.515"
"579","0","223253.081233861","8179467.90583046","1.24.1.516"
"580","0","223259.753182892","8179440.25934662","1.24.1.517"
"581","0","223268.831722397","8179462.10602811","1.24.1.518"
"582","0","223280.757751688","8179457.01911813","1.24.1.519"
"583","0","222617.475849375","8179887.7161045","1.24.1.52"
"584","0","223295.502977053","8179454.36535342","1.24.1.520"
"585","0","223307.610215565","8179449.87869369","1.24.1.521"
"586","0","223280.533626947","8179436.13781889","1.24.1.522"
"587","0","223300.253084319","8179390.47051033","1.24.1.523"
"588","0","223316.61221612","8179388.10186771","1.24.1.524"
"589","0","223352.074783296","8179384.3595561","1.24.1.525"
"590","0","223359.917039163","8179380.88680857","1.24.1.526"
"591","0","223383.653827251","8179373.5572312","1.24.1.527"
"592","0","223387.927662316","8179393.78754924","1.24.1.528"
"593","0","223376.930477007","8179397.10279049","1.24.1.529"
"594","0","222638.67012431","8179887.88380644","1.24.1.53"
"595","0","223368.230509597","8179398.29370623","1.24.1.530"
"596","0","223358.28004369","8179403.14182565","1.24.1.531"
"597","0","223348.095065254","8179405.16438894","1.24.1.532"
"598","0","223338.69484416","8179409.09990595","1.24.1.533"
"599","0","223329.156781665","8179411.03020124","1.24.1.534"
"600","0","223318.359747093","8179415.45278056","1.24.1.535"
"601","0","223321.347064961","8179426.98034648","1.24.1.536"
"602","0","223329.336522001","8179439.43907949","1.24.1.537"
"603","0","223342.495530389","8179437.18034897","1.24.1.538"
"604","0","223357.145902435","8179432.493822","1.24.1.539"
"605","0","222649.036533833","8179887.52551498","1.24.1.54"
"606","0","223368.691246835","8179428.61281095","1.24.1.540"
"607","0","223379.852070011","8179423.57578198","1.24.1.541"
"608","0","223386.270968226","8179419.43968898","1.24.1.542"
"609","0","223398.192924467","8179417.13122999","1.24.1.543"
"610","0","223396.49321577","8179406.67383087","1.24.1.544"
"611","0","223407.922579295","8179434.61212511","1.24.1.545"
"612","0","223410.787687992","8179442.41314686","1.24.1.546"
"613","0","223413.258645549","8179449.5343042","1.24.1.547"
"614","0","223415.900823086","8179463.97855676","1.24.1.548"
"615","0","223408.181428292","8179467.81933119","1.24.1.549"
"616","0","222659.084205984","8179885.9340187","1.24.1.55"
"617","0","223401.606179327","8179470.47944001","1.24.1.550"
"618","0","223393.56732694","8179472.96366351","1.24.1.551"
"619","0","223386.732946045","8179474.18206248","1.24.1.552"
"620","0","223379.265988339","8179477.27415807","1.24.1.553"
"621","0","223364.496521092","8179481.23252113","1.24.1.554"
"622","0","223349.232166094","8179485.55183735","1.24.1.555"
"623","0","223344.528174215","8179478.73471004","1.24.1.556"
"624","0","223339.660370457","8179469.850496","1.24.1.557"
"625","0","223336.169875","8179461.00681709","1.24.1.558"
"626","0","223355.274423463","8179456.50713249","1.24.1.559"
"627","0","222668.178419302","8179882.11938153","1.24.1.56"
"628","0","223375.935173732","8179450.33145128","1.24.1.560"
"629","0","223384.166403177","8179447.70312634","1.24.1.561"
"630","0","223399.128994599","8179440.45321247","1.24.1.562"
"631","0","223316.572964723","8179465.15270063","1.24.1.563"
"632","0","223308.608801217","8179470.86579566","1.24.1.564"
"633","0","223298.011612967","8179474.95591382","1.24.1.565"
"634","0","223287.369553608","8179478.52114147","1.24.1.566"
"635","0","223275.708672489","8179480.42378096","1.24.1.567"
"636","0","223286.552629512","8179508.19411534","1.24.1.568"
"637","0","223299.28905901","8179503.60018818","1.24.1.569"
"638","0","222677.476932772","8179880.57768514","1.24.1.57"
"639","0","223313.341277366","8179498.07761604","1.24.1.570"
"640","0","223316.576344118","8179496.51688156","1.24.1.570A"
"641","0","223320.588168956","8179494.81304586","1.24.1.571"
"642","0","223330.265232306","8179492.91372893","1.24.1.572"
"643","0","223324.262506648","8179477.96105036","1.24.1.573"
"644","0","223340.19359593","8179557.13101833","1.24.1.575"
"645","0","223341.330347352","8179575.28515731","1.24.1.576"
"646","0","223360.904524832","8179578.15398106","1.24.1.577"
"647","0","223385.797842889","8179574.10739085","1.24.1.578"
"648","0","222683.299040935","8179880.04178714","1.24.1.58"
"649","0","223423.0229601","8179558.17508775","1.24.1.581"
"650","0","223432.140248986","8179556.82555429","1.24.1.582"
"651","0","223440.436819361","8179555.7335945","1.24.1.583"
"652","0","223454.101324162","8179550.8676078","1.24.1.584"
"653","0","223448.256340119","8179540.4020418","1.24.1.585"
"654","0","223444.556637748","8179528.13339464","1.24.1.586"
"655","0","223440.388139864","8179519.8197059","1.24.1.587"
"656","0","223433.804625161","8179510.51328893","1.24.1.588"
"657","0","223429.478992328","8179501.0936067","1.24.1.589"
"658","0","222692.267793371","8179880.77015215","1.24.1.59"
"659","0","223425.793772695","8179493.40287209","1.24.1.590"
"660","0","223424.834882216","8179482.78136974","1.24.1.591"
"661","0","223467.293704601","8179567.85970933","1.24.1.592"
"662","0","223473.481382569","8179593.17375955","1.24.1.593"
"663","0","223467.639898202","8179595.33698881","1.24.1.594"
"664","0","223459.920163751","8179599.58867253","1.24.1.595"
"665","0","223455.795131302","8179601.45060325","1.24.1.595A"
"666","0","223448.355760788","8179603.01122642","1.24.1.596"
"667","0","223442.636757153","8179593.82776718","1.24.1.597"
"668","0","223440.882041207","8179586.13418827","1.24.1.598"
"669","0","223438.064293249","8179578.01208831","1.24.1.599"
"670","0","222412.109705499","8179815.45248018","1.24.1.6"
"671","0","222737.159727378","8179867.75050403","1.24.1.60"
"672","0","223443.658333839","8179576.00046427","1.24.1.600"
"673","0","223447.673255949","8179574.72493421","1.24.1.601"
"674","0","223453.960195528","8179572.55210935","1.24.1.602"
"675","0","223460.111462705","8179570.11559378","1.24.1.603"
"676","0","223424.330594826","8179583.9875751","1.24.1.604"
"677","0","223414.89246179","8179590.81747011","1.24.1.605"
"678","0","223397.613484046","8179596.57502465","1.24.1.606"
"679","0","223376.10544061","8179606.63304569","1.24.1.607"
"680","0","223355.702701747","8179608.60203183","1.24.1.608"
"681","0","223360.001438223","8179621.90932093","1.24.1.609"
"682","0","222748.237453017","8179865.87121585","1.24.1.61"
"683","0","223364.990446707","8179633.40056969","1.24.1.610"
"684","0","223374.671708115","8179630.70882767","1.24.1.611"
"685","0","223385.273923744","8179627.08524225","1.24.1.612"
"686","0","223392.989224648","8179623.97848268","1.24.1.613"
"687","0","223398.245756577","8179622.00300932","1.24.1.614"
"688","0","223404.581508815","8179619.81350996","1.24.1.615"
"689","0","223409.284170953","8179618.27560483","1.24.1.616"
"690","0","223419.98855789","8179614.69953911","1.24.1.617"
"691","0","223428.262128325","8179612.16233992","1.24.1.618"
"692","0","223434.681344124","8179608.28282387","1.24.1.619"
"693","0","222757.179417459","8179860.86193506","1.24.1.62"
"694","0","223431.405105254","8179599.01790339","1.24.1.620"
"695","0","223525.245769467","8179797.29540578","1.24.1.621"
"696","0","223549.76672923","8179835.41016435","1.24.1.622"
"697","0","223560.530948608","8179844.90046315","1.24.1.623"
"698","0","223563.381004159","8179850.93700555","1.24.1.624"
"699","0","223527.110483202","8179868.40948591","1.24.1.625"
"700","0","223509.590937058","8179860.73805293","1.24.1.626"
"701","0","223508.903192166","8179838.05875199","1.24.1.627"
"702","0","223494.742979835","8179837.25871584","1.24.1.628"
"703","0","223443.601661736","8179836.18023385","1.24.1.629"
"704","0","222789.807621674","8179857.22535849","1.24.1.63"
"705","0","223426.55446335","8179839.50209413","1.24.1.630"
"706","0","223409.622947052","8179838.92455534","1.24.1.631"
"707","0","223401.248632653","8179840.18312419","1.24.1.632"
"708","0","223394.462369609","8179841.22278614","1.24.1.633"
"709","0","223387.908943451","8179842.76796344","1.24.1.634"
"710","0","223380.510062217","8179840.67595096","1.24.1.635"
"711","0","223373.435636759","8179841.71618646","1.24.1.636"
"712","0","223365.590189042","8179842.74913062","1.24.1.637"
"713","0","223355.68707079","8179844.88978956","1.24.1.638"
"714","0","223347.090334091","8179842.52621304","1.24.1.639"
"715","0","222799.582971043","8179852.90196145","1.24.1.64"
"716","0","223337.054359642","8179841.81226145","1.24.1.640"
"717","0","223322.255191388","8179839.79013768","1.24.1.641"
"718","0","223320.911487032","8179853.13554792","1.24.1.642"
"719","0","223340.783289306","8179859.82019","1.24.1.643"
"720","0","223345.932844534","8179867.2559962","1.24.1.644"
"721","0","223350.949359318","8179877.37944555","1.24.1.645"
"722","0","223359.577612007","8179875.56703285","1.24.1.646"
"723","0","223367.97904825","8179875.46142318","1.24.1.647"
"724","0","223376.33373545","8179877.39910506","1.24.1.648"
"725","0","223392.039525321","8179876.02939111","1.24.1.649"
"726","0","222810.928076362","8179850.25821776","1.24.1.65"
"727","0","223402.300932155","8179859.74483284","1.24.1.650"
"728","0","223393.153522965","8179861.04880448","1.24.1.651"
"729","0","223384.25538756","8179861.07432949","1.24.1.652"
"730","0","223375.380540128","8179860.35098984","1.24.1.653"
"731","0","223355.462767357","8179858.92100083","1.24.1.654"
"732","0","223441.179150614","8179857.74982221","1.24.1.655"
"733","0","223430.851505011","8179858.79673306","1.24.1.655A"
"734","0","223419.764205552","8179860.21960411","1.24.1.656"
"735","0","223451.267345246","8179872.5925385","1.24.1.657"
"736","0","223466.278142848","8179870.32055572","1.24.1.658"
"737","0","223487.217398559","8179870.10316559","1.24.1.659"
"738","0","222845.983113603","8179847.31302774","1.24.1.66"
"739","0","223482.293525329","8179895.09638804","1.24.1.660"
"740","0","223459.348477899","8179897.10599189","1.24.1.661"
"741","0","223451.065493241","8179897.99338738","1.24.1.662"
"742","0","223441.280155462","8179900.13306874","1.24.1.663"
"743","0","223397.565095877","8179905.02725053","1.24.1.664"
"744","0","223381.293896651","8179903.06277758","1.24.1.665"
"745","0","223384.435583129","8179913.37080325","1.24.1.665A"
"746","0","223422.734157156","8179909.12970601","1.24.1.666"
"747","0","223434.444836306","8179922.15372934","1.24.1.667"
"748","0","223444.720220497","8179920.52796769","1.24.1.668"
"749","0","223451.520817677","8179918.40948798","1.24.1.669"
"750","0","222849.604129954","8179847.22330577","1.24.1.66A"
"751","0","222853.669932963","8179844.71017459","1.24.1.67"
"752","0","223461.393417727","8179918.08092988","1.24.1.670"
"753","0","223475.898013908","8179914.13915771","1.24.1.671"
"754","0","223485.072379032","8179917.56781075","1.24.1.672"
"755","0","223492.56668861","8179918.10533494","1.24.1.672A"
"756","0","223425.930879294","8179937.32855843","1.24.1.673"
"757","0","223431.844567714","8179963.83551119","1.24.1.674"
"758","0","223430.893377141","8179994.85520755","1.24.1.675"
"759","0","223464.746855743","8180063.49804728","1.24.1.676"
"760","0","223476.527655422","8180063.87259146","1.24.1.677"
"761","0","223489.003424132","8180062.49386945","1.24.1.678"
"762","0","223497.815223299","8180059.87691776","1.24.1.679"
"763","0","222862.398764041","8179842.66556383","1.24.1.68"
"764","0","223508.221876593","8180059.5528839","1.24.1.680"
"765","0","223519.986701492","8180058.7728354","1.24.1.681"
"766","0","223531.733456118","8180056.85148248","1.24.1.682"
"767","0","223543.169961396","8180058.26795226","1.24.1.683"
"768","0","223491.688430082","8180036.9929931","1.24.1.684"
"769","0","223496.820755091","8180015.73601908","1.24.1.685"
"770","0","223529.587654936","8180012.7750347","1.24.1.686"
"771","0","223494.045157901","8179994.59197656","1.24.1.687"
"772","0","223470.706381596","8179983.36551501","1.24.1.688"
"773","0","223516.441445577","8179932.61681764","1.24.1.689"
"774","0","222869.562509374","8179839.0567835","1.24.1.69"
"775","0","223542.323011191","8179912.69468619","1.24.1.690"
"776","0","223516.664324262","8179911.04906336","1.24.1.691"
"777","0","223509.993553663","8179895.53896759","1.24.1.692"
"778","0","223523.65649477","8179896.92047389","1.24.1.693"
"779","0","223530.332485089","8179895.83332832","1.24.1.694"
"780","0","223537.843456856","8179895.26752475","1.24.1.695"
"781","0","223591.495242239","8179888.88605446","1.24.1.696"
"782","0","223594.855773692","8179903.53372759","1.24.1.697"
"783","0","223619.159764238","8179924.71256146","1.24.1.698"
"784","0","223624.183092579","8179927.87162511","1.24.1.698A"
"785","0","223629.166010523","8179932.29131502","1.24.1.699"
"786","0","222440.910103751","8179825.90173877","1.24.1.7"
"787","0","222880.483097453","8179839.79402729","1.24.1.70"
"788","0","223615.501586701","8179941.83417392","1.24.1.700"
"789","0","223598.084733932","8179935.47391775","1.24.1.701"
"790","0","223572.7486282","8179951.99671293","1.24.1.702"
"791","0","223605.335351664","8180025.85310309","1.24.1.703"
"792","0","223644.987520409","8180015.13656442","1.24.1.704"
"793","0","223656.953149297","8179963.54834552","1.24.1.705"
"794","0","223653.592964551","8179953.0240147","1.24.1.705A"
"795","0","223717.963857072","8180090.35922991","1.24.1.706"
"796","0","223744.584137703","8180141.88044078","1.24.1.707"
"797","0","223763.577774905","8180129.66932283","1.24.1.708"
"798","0","223763.584642843","8180118.04318979","1.24.1.708A"
"799","0","223758.32457162","8180110.75209151","1.24.1.709"
"800","0","223754.680026912","8180104.46749293","1.24.1.709A"
"801","0","222888.389280834","8179839.9555609","1.24.1.71"
"802","0","223747.23371055","8180079.24423383","1.24.1.710"
"803","0","223741.198435384","8180074.00403415","1.24.1.710A"
"804","0","223702.761309639","8179949.31388373","1.24.1.711"
"805","0","223569.095130167","8179805.17850316","1.24.1.712"
"806","0","223564.276603271","8179782.11137019","1.24.1.713"
"807","0","223558.560801536","8179767.79252578","1.24.1.714"
"808","0","223501.902347305","8179674.90995172","1.24.1.715"
"809","0","223475.871432606","8179644.83226665","1.24.1.716"
"810","0","223462.359823655","8179635.3892778","1.24.1.717"
"811","0","223459.095078515","8179626.26378035","1.24.1.717A"
"812","0","223469.159739205","8179625.91164088","1.24.1.718"
"813","0","223479.708611582","8179621.23755038","1.24.1.719"
"814","0","222894.072078497","8179838.77066691","1.24.1.72"
"815","0","223490.474585386","8179615.76337872","1.24.1.720"
"816","0","223504.759662028","8179613.60560986","1.24.1.721"
"817","0","223516.465309861","8179610.78256278","1.24.1.722"
"818","0","223529.98694475","8179604.56477623","1.24.1.723"
"819","0","223547.527854676","8179601.12724212","1.24.1.724"
"820","0","223569.063026757","8179599.81936117","1.24.1.725"
"821","0","223596.108892547","8179590.94298616","1.24.1.726"
"822","0","223677.412352391","8179619.30254819","1.24.1.727"
"823","0","223519.597053735","8179575.57001854","1.24.1.728"
"824","0","223509.539021275","8179553.47018118","1.24.1.729"
"825","0","222904.487571276","8179837.59182204","1.24.1.73"
"826","0","223498.981285653","8179557.9291237","1.24.1.730"
"827","0","223488.374777386","8179563.74000889","1.24.1.731"
"828","0","223492.573409111","8179585.57349017","1.24.1.732"
"829","0","223503.81851319","8179584.62894224","1.24.1.733"
"830","0","223511.706255183","8179581.81036326","1.24.1.734"
"831","0","223540.127926136","8179568.58458642","1.24.1.735"
"832","0","223550.069517343","8179570.15682557","1.24.1.736"
"833","0","223553.909112012","8179568.50339142","1.24.1.737"
"834","0","223556.922058499","8179567.25426567","1.24.1.738"
"835","0","223562.882477445","8179562.53860515","1.24.1.739"
"836","0","222911.745018443","8179836.26745664","1.24.1.74"
"837","0","223567.634743906","8179562.01019499","1.24.1.740"
"838","0","223558.193437209","8179538.91069752","1.24.1.741"
"839","0","223543.68371637","8179542.60269335","1.24.1.742"
"840","0","223531.576086038","8179547.45492399","1.24.1.743"
"841","0","223484.697625492","8179495.13650038","1.24.1.744"
"842","0","223482.020699347","8179485.78111767","1.24.1.745"
"843","0","223474.516609702","8179475.28902924","1.24.1.746"
"844","0","223474.769527092","8179464.44797227","1.24.1.747"
"845","0","223471.084647331","8179466.85573178","1.24.1.748"
"846","0","223463.314840374","8179466.24541737","1.24.1.749"
"847","0","222919.331403262","8179834.60068196","1.24.1.75"
"848","0","223465.889450794","8179476.05398718","1.24.1.750"
"849","0","223468.56968216","8179482.44225699","1.24.1.751"
"850","0","223471.695586631","8179490.64400127","1.24.1.752"
"851","0","223450.879810351","8179471.3574145","1.24.1.753"
"852","0","223448.030238454","8179473.10023526","1.24.1.754"
"853","0","223441.432652114","8179473.50032421","1.24.1.755"
"854","0","223444.884039054","8179479.84999952","1.24.1.756"
"855","0","223448.230120172","8179489.02142251","1.24.1.757"
"856","0","223452.914659462","8179494.31118035","1.24.1.758"
"857","0","223458.220780363","8179501.41554789","1.24.1.759"
"858","0","222929.975632678","8179834.82892546","1.24.1.76"
"859","0","223471.898173834","8179530.18151675","1.24.1.760"
"860","0","223476.234463052","8179542.58578473","1.24.1.761"
"861","0","223520.035106706","8179528.04325717","1.24.1.762"
"862","0","223530.2422338","8179525.55182647","1.24.1.763"
"863","0","223544.373100323","8179520.53901162","1.24.1.764"
"864","0","223541.504150752","8179511.93580794","1.24.1.765"
"865","0","223534.097543606","8179503.25967312","1.24.1.766"
"866","0","223530.157390723","8179495.52913435","1.24.1.767"
"867","0","223523.178548044","8179467.7221193","1.24.1.768"
"868","0","223517.919048845","8179455.17102164","1.24.1.769"
"869","0","222938.734371377","8179833.40649278","1.24.1.77"
"870","0","223509.265014352","8179457.39208276","1.24.1.770"
"871","0","223501.519488697","8179458.69194902","1.24.1.771"
"872","0","223490.115639421","8179458.61294031","1.24.1.772"
"873","0","223496.205796895","8179468.49882457","1.24.1.773"
"874","0","223500.575620164","8179479.10161089","1.24.1.774"
"875","0","223510.540580223","8179504.99924487","1.24.1.775"
"876","0","223505.882279378","8179433.1235553","1.24.1.776"
"877","0","223490.432567325","8179436.56737844","1.24.1.777"
"878","0","223468.516765338","8179445.00496891","1.24.1.778"
"879","0","223455.661180058","8179449.52641397","1.24.1.779"
"880","0","222946.875279838","8179831.16717644","1.24.1.78"
"881","0","223437.001812803","8179454.53305208","1.24.1.780"
"882","0","223430.550521566","8179444.8486488","1.24.1.781"
"883","0","223427.683288019","8179438.09033553","1.24.1.782"
"884","0","223425.864902964","8179429.81754005","1.24.1.783"
"885","0","223436.086432329","8179427.07830513","1.24.1.784"
"886","0","223446.835749518","8179425.38661057","1.24.1.785"
"887","0","223456.367601248","8179419.86654905","1.24.1.786"
"888","0","223479.54250604","8179412.33432658","1.24.1.787"
"889","0","223491.174114511","8179407.96818706","1.24.1.788"
"890","0","223496.558108425","8179414.09776024","1.24.1.789"
"891","0","222955.110012005","8179827.8917685","1.24.1.79"
"892","0","223500.166865696","8179419.65546851","1.24.1.790"
"893","0","223502.337963207","8179424.87878548","1.24.1.791"
"894","0","223483.619389219","8179388.72937423","1.24.1.792"
"895","0","223479.668996282","8179382.37577363","1.24.1.793"
"896","0","223475.761564495","8179377.9576942","1.24.1.794"
"897","0","223473.361062654","8179373.97171127","1.24.1.795"
"898","0","223471.976938594","8179369.42818191","1.24.1.796"
"899","0","223468.669119276","8179364.04815466","1.24.1.797"
"900","0","223453.398947427","8179386.589063","1.24.1.798"
"901","0","223439.944790041","8179383.19872133","1.24.1.799"
"902","0","222461.292440132","8179799.1295246","1.24.1.8"
"903","0","222963.018800384","8179827.18246613","1.24.1.80"
"904","0","223426.082087334","8179386.33371071","1.24.1.800"
"905","0","223410.329469245","8179384.55468164","1.24.1.801"
"906","0","223417.900967517","8179410.20592585","1.24.1.802"
"907","0","223438.70723426","8179409.48761387","1.24.1.802A"
"908","0","223447.47099935","8179399.94639331","1.24.1.803"
"909","0","223528.120171651","8179410.14106546","1.24.1.804"
"910","0","223536.348921999","8179441.30400277","1.24.1.805"
"911","0","223541.856840914","8179448.92550471","1.24.1.806"
"912","0","223543.515598213","8179457.63959636","1.24.1.807"
"913","0","223552.909522426","8179464.19511832","1.24.1.808"
"914","0","223551.952232791","8179477.22981267","1.24.1.809"
"915","0","222971.037631619","8179825.32269631","1.24.1.81"
"916","0","223558.343476822","8179490.24266517","1.24.1.810"
"917","0","223566.473874458","8179499.62082085","1.24.1.811"
"918","0","223571.292194681","8179510.97139475","1.24.1.812"
"919","0","223578.120507557","8179531.42062701","1.24.1.813"
"920","0","223588.841043786","8179551.08178307","1.24.1.814"
"921","0","223599.221587455","8179547.40188568","1.24.1.815"
"922","0","223609.822484566","8179543.48324525","1.24.1.816"
"923","0","223623.130131048","8179538.57415384","1.24.1.817"
"924","0","223636.955844167","8179534.76269151","1.24.1.818"
"925","0","223655.10640301","8179529.32548491","1.24.1.819"
"926","0","222987.947487112","8179822.52119739","1.24.1.82"
"927","0","223668.518942797","8179523.95679128","1.24.1.820"
"928","0","223679.754100133","8179521.57486573","1.24.1.821"
"929","0","223692.220843854","8179516.01570958","1.24.1.822"
"930","0","223376.763988277","8179193.59607237","1.24.1.823"
"931","0","223339.913561817","8179096.74545681","1.24.1.824"
"932","0","223378.753071516","8179005.75072223","1.24.1.825"
"933","0","223395.47058056","8179008.04086493","1.24.1.826"
"934","0","223398.674819678","8179021.87571775","1.24.1.827"
"935","0","223397.644772479","8179169.05981152","1.24.1.828"
"936","0","223459.721596713","8179229.72592067","1.24.1.829"
"937","0","223001.188361676","8179818.45386228","1.24.1.83"
"938","0","223466.102686969","8179238.88887858","1.24.1.830"
"939","0","223474.796069865","8179246.6623074","1.24.1.831"
"940","0","223480.982061119","8179254.36943692","1.24.1.832"
"941","0","223486.970294644","8179258.92691638","1.24.1.833"
"942","0","223493.718953185","8179269.14664306","1.24.1.834"
"943","0","223499.986886767","8179274.63413079","1.24.1.835"
"944","0","223512.404393773","8179280.98994948","1.24.1.836"
"945","0","223518.81167786","8179274.73395437","1.24.1.837"
"946","0","223584.691881083","8179310.19676753","1.24.1.838"
"947","0","223672.742838394","8179442.22428124","1.24.1.839"
"948","0","223012.438931169","8179816.62473335","1.24.1.84"
"949","0","223706.485695944","8179501.17483802","1.24.1.840"
"950","0","223724.893121174","8179505.29644464","1.24.1.841"
"951","0","223730.151859965","8179506.88715568","1.24.1.841A"
"952","0","223742.029197495","8179510.46631906","1.24.1.842"
"953","0","223769.114701105","8179515.94390442","1.24.1.843"
"954","0","223777.283427613","8179498.61445178","1.24.1.844"
"955","0","223763.530090769","8179487.94332555","1.24.1.845"
"956","0","223795.037444126","8179509.96181186","1.24.1.846"
"957","0","223820.741086478","8179525.69972004","1.24.1.847"
"958","0","223920.361599081","8179485.56035148","1.24.1.848"
"959","0","223951.033313114","8179487.39250202","1.24.1.849"
"960","0","223022.948948583","8179813.88454733","1.24.1.85"
"961","0","223961.180008914","8179436.93887864","1.24.1.850"
"962","0","224052.714537948","8178913.17958698","1.24.1.851"
"963","0","224070.628519943","8178930.92096582","1.24.1.852"
"964","0","224082.152815055","8178940.39182272","1.24.1.852A"
"965","0","224230.175143602","8179094.42894871","1.24.1.853"
"966","0","224259.432394291","8179121.11662664","1.24.1.854"
"967","0","224287.752645303","8179122.86529276","1.24.1.855"
"968","0","224400.622832367","8179348.21726062","1.24.1.856"
"969","0","224540.652500339","8179645.219655","1.24.1.857"
"970","0","224623.295457226","8179691.09179139","1.24.1.858"
"971","0","224635.352159565","8179733.42078586","1.24.1.859"
"972","0","223023.356456498","8179798.98126383","1.24.1.86"
"973","0","224642.739915697","8179774.37448614","1.24.1.860"
"974","0","224556.197117226","8179731.86743724","1.24.1.861"
"975","0","224544.430911615","8179751.45941656","1.24.1.862"
"976","0","224528.711982177","8179761.09009859","1.24.1.863"
"977","0","224530.911906361","8179740.18396674","1.24.1.864"
"978","0","224221.948382213","8179663.94369276","1.24.1.865"
"979","0","224199.995991391","8179666.14726849","1.24.1.866"
"980","0","224171.754639317","8179649.79660812","1.24.1.867"
"981","0","224161.425651338","8179634.96754757","1.24.1.868"
"982","0","224141.111531461","8179632.92703165","1.24.1.869"
"983","0","223037.828305696","8179796.88194266","1.24.1.87"
"984","0","224092.310544425","8179620.59684791","1.24.1.870"
"985","0","224067.718511995","8179609.01574705","1.24.1.871"
"986","0","224057.05717501","8179604.08036899","1.24.1.872"
"987","0","224045.825531817","8179601.08071908","1.24.1.873"
"988","0","224036.258342547","8179594.8397089","1.24.1.874"
"989","0","223917.695009991","8179551.5707036","1.24.1.875"
"990","0","223861.643826812","8179606.60289375","1.24.1.876"
"991","0","223870.663141941","8179621.3577309","1.24.1.877"
"992","0","223876.718984316","8179635.19251505","1.24.1.878"
"993","0","223881.777405549","8179649.27000084","1.24.1.879"
"994","0","223037.113406462","8179809.30172208","1.24.1.88"
"995","0","223893.768488335","8179661.20651861","1.24.1.880"
"996","0","223898.508990804","8179664.0933907","1.24.1.881"
"997","0","223905.620255314","8179671.25971736","1.24.1.882"
"998","0","223908.624168872","8179672.46768779","1.24.1.883"
"999","0","223911.788589197","8179674.0655471","1.24.1.883A"
"1000","0","223925.493384947","8179682.19391346","1.24.1.884"
"1001","0","223939.07616683","8179687.80623345","1.24.1.885"
"1002","0","223950.120624655","8179689.23689879","1.24.1.886"
"1003","0","223956.528975951","8179698.11571949","1.24.1.887"
"1004","0","223966.127956959","8179706.83900282","1.24.1.888"
"1005","0","223978.547579061","8179711.55927827","1.24.1.889"
"1006","0","223044.568278573","8179809.954993","1.24.1.89"
"1007","0","223991.152559685","8179720.1477407","1.24.1.890"
"1008","0","223997.988597969","8179795.11287448","1.24.1.891"
"1009","0","224004.391121472","8179791.83924786","1.24.1.892"
"1010","0","224007.216615356","8179787.52751822","1.24.1.893"
"1011","0","224013.802607002","8179781.52706213","1.24.1.894"
"1012","0","224020.379208475","8179777.10623609","1.24.1.895"
"1013","0","224025.772416068","8179771.75366187","1.24.1.896"
"1014","0","224031.764003588","8179766.3768758","1.24.1.897"
"1015","0","224031.764003588","8179766.3768758","1.24.1.898"
"1016","0","224037.490019385","8179762.41325682","1.24.1.898A"
"1017","0","224042.584599938","8179758.3009474","1.24.1.899"
"1018","0","222526.76315652","8179776.38417197","1.24.1.9"
"1019","0","223051.226534812","8179809.46863261","1.24.1.90"
"1020","0","224047.038059098","8179755.26642166","1.24.1.900"
"1021","0","224054.580363209","8179766.22771045","1.24.1.901"
"1022","0","224067.306994743","8179777.52466105","1.24.1.902"
"1023","0","224096.519130502","8179810.0014565","1.24.1.903"
"1024","0","224136.901736778","8179830.48221061","1.24.1.904"
"1025","0","224256.4225263","8180002.30197735","1.24.1.905"
"1026","0","224141.871562308","8179808.98705827","1.24.1.906"
"1027","0","224136.78025309","8179805.78236716","1.24.1.906A"
"1028","0","224106.646004478","8179785.32589923","1.24.1.907"
"1029","0","224089.575438959","8179775.09020852","1.24.1.908"
"1030","0","224078.482824557","8179761.61012676","1.24.1.909"
"1031","0","223057.436653976","8179809.76493921","1.24.1.91"
"1032","0","224067.52394211","8179751.46959636","1.24.1.910"
"1033","0","224074.674559087","8179735.48706006","1.24.1.911"
"1034","0","224063.939503695","8179736.16885479","1.24.1.911A"
"1035","0","224058.14260157","8179744.39142405","1.24.1.912"
"1036","0","224054.030589755","8179745.96521253","1.24.1.912A"
"1037","0","224047.715673991","8179734.86879455","1.24.1.913"
"1038","0","224035.810522913","8179727.42870336","1.24.1.914"
"1039","0","224025.995716579","8179720.31294457","1.24.1.915"
"1040","0","224017.921142572","8179714.73652702","1.24.1.916"
"1041","0","224009.739246194","8179708.73823197","1.24.1.917"
"1042","0","224001.170261375","8179701.50904127","1.24.1.918"
"1043","0","223993.891180269","8179697.76277645","1.24.1.919"
"1044","0","223065.490331591","8179807.35768028","1.24.1.92"
"1045","0","223982.424518178","8179691.42685081","1.24.1.920"
"1046","0","223963.999335167","8179679.72801978","1.24.1.921"
"1047","0","223908.180326107","8179650.22891749","1.24.1.922"
"1048","0","223899.635313298","8179639.53653371","1.24.1.923"
"1049","0","223870.96970623","8179592.28687255","1.24.1.924"
"1050","0","223863.557177432","8179583.09090776","1.24.1.925"
"1051","0","224002.652569375","8179622.0904735","1.24.1.926"
"1052","0","224021.885560299","8179627.70685208","1.24.1.927"
"1053","0","224045.766641623","8179634.77568147","1.24.1.928"
"1054","0","224056.008128499","8179639.83371435","1.24.1.929"
"1055","0","223076.269617183","8179805.43879016","1.24.1.93"
"1056","0","224066.636337627","8179642.74428749","1.24.1.930"
"1057","0","224041.551747216","8179683.81200745","1.24.1.931"
"1058","0","224059.36606272","8179676.56672844","1.24.1.932"
"1059","0","224083.227304177","8179655.22315919","1.24.1.933"
"1060","0","224092.827107613","8179658.1882815","1.24.1.934"
"1061","0","224110.337305625","8179663.98417827","1.24.1.935"
"1062","0","224122.30962462","8179668.82124991","1.24.1.936"
"1063","0","224133.402647328","8179675.38520246","1.24.1.937"
"1064","0","224143.675418067","8179681.94151522","1.24.1.938"
"1065","0","224161.692070678","8179695.17317646","1.24.1.939"
"1066","0","224164.013395156","8179702.84433245","1.24.1.939A"
"1067","0","223088.030913076","8179804.78096207","1.24.1.94"
"1068","0","224088.006400075","8179741.82267222","1.24.1.940"
"1069","0","224094.013972899","8179747.59359509","1.24.1.941"
"1070","0","224103.344347413","8179761.39151869","1.24.1.942"
"1071","0","224361.680082951","8179777.08624395","1.24.1.943"
"1072","0","224413.611483483","8179781.19841891","1.24.1.944"
"1073","0","224586.232372685","8179850.45735503","1.24.1.945"
"1074","0","223097.230341809","8179801.9254222","1.24.1.95"
"1075","0","223114.686432008","8179798.30127485","1.24.1.96"
"1076","0","223106.203949481","8179787.59347609","1.24.1.97"
"1077","0","223071.676234757","8179777.18947887","1.24.1.98"
"1078","0","222876.566688212","8179869.81942327","1.24.1.99"
"1079","0","223533.213177242","8179215.50130721","1.24.12.1"
"1080","0","223674.738096234","8178880.32294532","1.24.12.10"
"1081","0","223681.595239045","8178889.8578818","1.24.12.11"
"1082","0","223715.139506554","8178897.30913328","1.24.12.12"
"1083","0","223753.914839504","8178915.99577098","1.24.12.13"
"1084","0","223751.102051184","8178915.48034587","1.24.12.13A"
"1085","0","223748.20811394","8178916.48937906","1.24.12.13B"
"1086","0","223742.291983735","8178916.84999921","1.24.12.13C"
"1087","0","223737.202408308","8178915.21027106","1.24.12.13D"
"1088","0","223730.791848905","8178908.83508662","1.24.12.14"
"1089","0","223626.465031209","8179103.28823915","1.24.12.2"
"1090","0","223635.062484568","8179077.61468707","1.24.12.3"
"1091","0","223663.968068586","8179010.82833946","1.24.12.4"
"1092","0","223600.098675335","8178881.60286373","1.24.12.5"
"1093","0","223637.056797036","8178846.82510402","1.24.12.6"
"1094","0","223650.239259556","8178847.76151307","1.24.12.6A"
"1095","0","223688.197766249","8178845.83934797","1.24.12.7"
"1096","0","223681.613893959","8178858.18864829","1.24.12.8"
"1097","0","223696.865887907","8178873.11344159","1.24.12.9"
"1098","0","224726.248759857","8179921.64693705","1.24.14.1"
"1099","0","224737.622203501","8180049.95493713","1.24.14.10"
"1100","0","224790.317032293","8180082.33671473","1.24.14.100"
"1101","0","224779.48889527","8180077.84801523","1.24.14.101"
"1102","0","224766.731995562","8180077.5796675","1.24.14.102"
"1103","0","224771.535379242","8180088.6579047","1.24.14.103"
"1104","0","224774.284561246","8180094.52218355","1.24.14.104"
"1105","0","224777.317306105","8180104.26530232","1.24.14.105"
"1106","0","224787.745517226","8180116.70782921","1.24.14.106"
"1107","0","224792.434522925","8180123.66559829","1.24.14.107"
"1108","0","224803.219036672","8180131.12842641","1.24.14.108"
"1109","0","224812.291865085","8180137.47734495","1.24.14.109"
"1110","0","224731.195876295","8180048.39254711","1.24.14.11"
"1111","0","224818.406346217","8180137.68497969","1.24.14.110"
"1112","0","224826.800326316","8180141.3985627","1.24.14.111"
"1113","0","224883.589497389","8180161.16036461","1.24.14.112"
"1114","0","224873.607789165","8180122.95121383","1.24.14.113"
"1115","0","224870.949454341","8180100.46847764","1.24.14.114"
"1116","0","224883.357535102","8180096.68001328","1.24.14.115"
"1117","0","224895.136350015","8180078.97162694","1.24.14.116"
"1118","0","224853.273711165","8180082.65358142","1.24.14.117"
"1119","0","224843.999780283","8180086.13961822","1.24.14.118"
"1120","0","224831.55636726","8180084.63085654","1.24.14.119"
"1121","0","224725.52713518","8180045.7132343","1.24.14.12"
"1122","0","224828.856827677","8180075.36907205","1.24.14.120"
"1123","0","224831.560528878","8180063.41640321","1.24.14.121"
"1124","0","224812.390990079","8180004.02886034","1.24.14.122"
"1125","0","224797.601104396","8179957.91005516","1.24.14.123"
"1126","0","224958.519947665","8179999.35150833","1.24.14.124"
"1127","0","224972.670352962","8179995.28110143","1.24.14.125"
"1128","0","224946.208212969","8180056.46844965","1.24.14.126"
"1129","0","224975.24987939","8180024.74021285","1.24.14.127"
"1130","0","225006.858751473","8180029.64663719","1.24.14.128"
"1131","0","225031.385215113","8180005.03973541","1.24.14.129"
"1132","0","224720.407813315","8180042.48049435","1.24.14.13"
"1133","0","225035.555434938","8180010.11020125","1.24.14.130"
"1134","0","225041.620625778","8180019.76869994","1.24.14.131"
"1135","0","225046.823652004","8180025.64895585","1.24.14.132"
"1136","0","225064.286130298","8180043.68118256","1.24.14.133"
"1137","0","224713.777136326","8180039.24367891","1.24.14.14"
"1138","0","224635.347691393","8180058.20204939","1.24.14.15"
"1139","0","224614.460948806","8180069.40825293","1.24.14.16"
"1140","0","224503.745722575","8180073.252302","1.24.14.17"
"1141","0","224369.081371047","8180028.3044741","1.24.14.18"
"1142","0","224472.233069948","8180079.96068968","1.24.14.19"
"1143","0","224764.579706638","8179984.9381293","1.24.14.2"
"1144","0","224477.927593179","8180084.16997629","1.24.14.20"
"1145","0","224484.34476174","8180089.52131263","1.24.14.21"
"1146","0","224358.536829042","8180155.69760897","1.24.14.22"
"1147","0","224381.773246259","8180160.62609987","1.24.14.22A"
"1148","0","224387.851060371","8180159.07766782","1.24.14.23"
"1149","0","224410.162231289","8180158.65971207","1.24.14.24"
"1150","0","224434.585626907","8180155.2209976","1.24.14.25"
"1151","0","224467.626686719","8180136.55072538","1.24.14.26"
"1152","0","224502.272293611","8180121.88989308","1.24.14.27"
"1153","0","224515.08504891","8180112.00218782","1.24.14.28"
"1154","0","224524.797484766","8180109.64003701","1.24.14.29"
"1155","0","224802.070224103","8180026.77607606","1.24.14.3"
"1156","0","224533.378920648","8180106.41313537","1.24.14.30"
"1157","0","224571.622816458","8180100.21993499","1.24.14.31"
"1158","0","224581.046807237","8180100.52963065","1.24.14.32"
"1159","0","224621.366931053","8180090.18265721","1.24.14.33"
"1160","0","224645.66500471","8180073.76240267","1.24.14.34"
"1161","0","224656.316085325","8180071.47005183","1.24.14.35"
"1162","0","224661.05260246","8180080.2586617","1.24.14.36"
"1163","0","224664.043111565","8180092.16979478","1.24.14.37"
"1164","0","224665.621338373","8180101.97050006","1.24.14.37A"
"1165","0","224672.633253936","8180111.69357778","1.24.14.38"
"1166","0","224676.170681396","8180119.56568635","1.24.14.39"
"1167","0","224803.017763166","8180033.20944289","1.24.14.4"
"1168","0","224686.08870379","8180109.22476133","1.24.14.40"
"1169","0","224682.428586321","8180099.15486931","1.24.14.41"
"1170","0","224664.684509129","8180056.54477363","1.24.14.42"
"1171","0","224696.547606776","8180054.43031853","1.24.14.43"
"1172","0","224707.758327685","8180058.68261036","1.24.14.43A"
"1173","0","224720.86275703","8180064.54009598","1.24.14.44"
"1174","0","224738.032239332","8180070.64789795","1.24.14.45"
"1175","0","224747.096112701","8180077.19608449","1.24.14.46"
"1176","0","224753.295599873","8180091.413622","1.24.14.47"
"1177","0","224759.019942101","8180100.42601772","1.24.14.48"
"1178","0","224765.699953325","8180108.5032555","1.24.14.49"
"1179","0","224805.818717727","8180046.01923319","1.24.14.5"
"1180","0","224771.208980999","8180117.40656763","1.24.14.50"
"1181","0","224767.796038357","8180119.72332087","1.24.14.51"
"1182","0","224764.490082739","8180122.58134942","1.24.14.52"
"1183","0","224761.074271907","8180124.84296934","1.24.14.52A"
"1184","0","224758.707144131","8180125.74304374","1.24.14.52B"
"1185","0","224756.302407977","8180127.8825825","1.24.14.52C"
"1186","0","224744.965354126","8180124.67369451","1.24.14.53"
"1187","0","224751.150424257","8180133.13708559","1.24.14.54"
"1188","0","224744.423289954","8180138.75092845","1.24.14.55"
"1189","0","224737.963501172","8180142.88208213","1.24.14.56"
"1190","0","224729.153095678","8180129.24926831","1.24.14.57"
"1191","0","224723.622427239","8180147.18472878","1.24.14.58"
"1192","0","224706.407165729","8180131.62584973","1.24.14.59"
"1193","0","224804.247096596","8180061.59050451","1.24.14.6"
"1194","0","224648.862496885","8180159.95762951","1.24.14.60"
"1195","0","224680.360688598","8180171.10015982","1.24.14.61"
"1196","0","224690.77474904","8180167.37988369","1.24.14.62"
"1197","0","224706.563164873","8180156.38103266","1.24.14.63"
"1198","0","224734.921153123","8180163.57985093","1.24.14.64"
"1199","0","224745.513739041","8180158.09415474","1.24.14.65"
"1200","0","224754.251706049","8180151.05448174","1.24.14.66"
"1201","0","224760.223219486","8180153.56436275","1.24.14.67"
"1202","0","224761.553877913","8180139.27844479","1.24.14.68"
"1203","0","224770.465179363","8180133.51897786","1.24.14.69"
"1204","0","224758.827421701","8180035.61439851","1.24.14.7"
"1205","0","224778.753307383","8180130.21732821","1.24.14.70"
"1206","0","224783.048459467","8180132.80219822","1.24.14.71"
"1207","0","224756.011226331","8180165.30899766","1.24.14.72"
"1208","0","224745.836545572","8180169.56387714","1.24.14.73"
"1209","0","224760.009212774","8180184.85762631","1.24.14.74"
"1210","0","224767.660665198","8180180.87885142","1.24.14.75"
"1211","0","224774.668679302","8180177.56616486","1.24.14.76"
"1212","0","224778.123758014","8180173.88735069","1.24.14.77"
"1213","0","224783.957541595","8180169.68217457","1.24.14.78"
"1214","0","224781.858981052","8180152.77855019","1.24.14.79"
"1215","0","224755.103852109","8180038.13363335","1.24.14.7A"
"1216","0","224750.748546102","8180059.83613114","1.24.14.8"
"1217","0","224789.595235488","8180143.16624834","1.24.14.80"
"1218","0","224811.873431715","8180151.85001035","1.24.14.81"
"1219","0","224805.767140547","8180166.84766709","1.24.14.82"
"1220","0","224827.404776316","8180157.7432389","1.24.14.83"
"1221","0","224833.920452046","8180156.74244306","1.24.14.84"
"1222","0","224841.102218274","8180151.57113635","1.24.14.85"
"1223","0","224856.034729796","8180152.17565964","1.24.14.86"
"1224","0","224858.140243849","8180132.0833861","1.24.14.87"
"1225","0","224856.282542021","8180123.62627336","1.24.14.88"
"1226","0","224855.62387744","8180110.20032295","1.24.14.89"
"1227","0","224742.311963179","8180053.72540747","1.24.14.9"
"1228","0","224857.087844384","8180096.87565389","1.24.14.90"
"1229","0","224850.626522242","8180099.51380702","1.24.14.91"
"1230","0","224843.936452347","8180100.07330915","1.24.14.92"
"1231","0","224837.480720748","8180099.18571536","1.24.14.93"
"1232","0","224832.708520339","8180099.36343352","1.24.14.93A"
"1233","0","224828.646076377","8180097.52516527","1.24.14.94"
"1234","0","224823.043557415","8180096.77529537","1.24.14.95"
"1235","0","224818.355452493","8180093.99683361","1.24.14.96"
"1236","0","224813.879973529","8180091.53594652","1.24.14.97"
"1237","0","224805.917699892","8180089.68754289","1.24.14.98"
"1238","0","224796.311289464","8180084.89343468","1.24.14.99"
"1239","0","223129.743778265","8180554.97288371","1.24.2.1"
"1240","0","223083.116169358","8180400.11700459","1.24.2.10"
"1241","0","222640.511308736","8180305.54063625","1.24.2.100"
"1242","0","222631.513417691","8180297.28447834","1.24.2.101"
"1243","0","222627.150786022","8180291.76342284","1.24.2.102"
"1244","0","222617.398779833","8180286.68253433","1.24.2.103"
"1245","0","222612.715341807","8180292.14793435","1.24.2.104"
"1246","0","222609.034146117","8180297.87874545","1.24.2.105"
"1247","0","222605.84749263","8180303.71465577","1.24.2.105A"
"1248","0","222575.687395436","8180327.07017317","1.24.2.106"
"1249","0","222578.771671003","8180318.61618567","1.24.2.107"
"1250","0","222585.61531923","8180308.38863679","1.24.2.108"
"1251","0","222558.410788509","8180298.05947839","1.24.2.109"
"1252","0","223065.182164397","8180377.68182597","1.24.2.11"
"1253","0","222554.340640174","8180308.2418273","1.24.2.110"
"1254","0","222554.561782305","8180324.94494371","1.24.2.111"
"1255","0","222587.095483319","8180293.0002184","1.24.2.114"
"1256","0","222597.608538404","8180274.75797429","1.24.2.115"
"1257","0","222581.474964888","8180254.97342951","1.24.2.117"
"1258","0","223056.447305533","8180364.00892635","1.24.2.12"
"1259","0","222559.749879705","8180250.58139013","1.24.2.120"
"1260","0","222571.745395088","8180244.13860395","1.24.2.121"
"1261","0","222570.889881914","8180223.83574032","1.24.2.122"
"1262","0","222558.640236611","8180203.79382835","1.24.2.123"
"1263","0","222565.235521381","8180190.44358179","1.24.2.124"
"1264","0","222555.974903645","8180182.02838662","1.24.2.125"
"1265","0","222575.73244848","8180159.80362623","1.24.2.126"
"1266","0","222567.211335254","8180158.42392888","1.24.2.126A"
"1267","0","222547.919252412","8180197.73843964","1.24.2.127"
"1268","0","222538.89965003","8180211.54705558","1.24.2.128"
"1269","0","222535.151836014","8180221.50167411","1.24.2.128A"
"1270","0","222530.090231803","8180230.10076653","1.24.2.129"
"1271","0","223047.852187595","8180349.0074437","1.24.2.13"
"1272","0","222543.292254324","8180246.7398891","1.24.2.136"
"1273","0","222544.744784762","8180238.40192592","1.24.2.137"
"1274","0","222546.271808077","8180221.23329556","1.24.2.138"
"1275","0","222512.233015611","8180207.7417026","1.24.2.139"
"1276","0","223038.768204094","8180354.29145931","1.24.2.13A"
"1277","0","223028.727744072","8180361.16149157","1.24.2.14"
"1278","0","222521.143608617","8180197.37722738","1.24.2.140"
"1279","0","222532.365512997","8180181.59300572","1.24.2.141"
"1280","0","222526.181349005","8180179.57960295","1.24.2.141A"
"1281","0","222517.057045057","8180178.72063185","1.24.2.142"
"1282","0","222499.562269311","8180183.19826626","1.24.2.143"
"1283","0","222489.96106341","8180168.54002134","1.24.2.144"
"1284","0","222476.526303074","8180161.29371896","1.24.2.145"
"1285","0","222461.364906149","8180152.57347709","1.24.2.146"
"1286","0","222445.099470179","8180144.8222421","1.24.2.147"
"1287","0","222455.621925134","8180168.27918889","1.24.2.148"
"1288","0","222479.808030555","8180198.35008954","1.24.2.149"
"1289","0","223023.566522761","8180360.29939607","1.24.2.14A"
"1290","0","223018.628076796","8180341.37536897","1.24.2.15"
"1291","0","222428.623420458","8180152.27094126","1.24.2.150"
"1292","0","222419.689814222","8180161.6012877","1.24.2.151"
"1293","0","222424.188639392","8180178.90755667","1.24.2.152"
"1294","0","222438.320041649","8180172.92887348","1.24.2.153"
"1295","0","222443.503764687","8180170.15083352","1.24.2.153A"
"1296","0","222451.440223415","8180187.93560909","1.24.2.154"
"1297","0","222443.830018213","8180193.23108643","1.24.2.155"
"1298","0","222436.265876192","8180198.13050295","1.24.2.156"
"1299","0","222443.639254388","8180213.40079833","1.24.2.157"
"1300","0","222454.409647562","8180210.47078568","1.24.2.158"
"1301","0","222469.012812551","8180209.43078308","1.24.2.159"
"1302","0","223036.058938458","8180327.66840027","1.24.2.16"
"1303","0","222503.589996156","8180226.01389567","1.24.2.160"
"1304","0","222494.816829941","8180224.55600634","1.24.2.161"
"1305","0","222484.487802675","8180225.68024272","1.24.2.162"
"1306","0","222473.107870373","8180226.19069182","1.24.2.163"
"1307","0","222463.225929777","8180229.73306264","1.24.2.164"
"1308","0","222454.978366913","8180231.59596756","1.24.2.165"
"1309","0","222444.930155775","8180233.62224763","1.24.2.166"
"1310","0","222443.305953041","8180253.56992571","1.24.2.167"
"1311","0","222453.703969931","8180254.65296626","1.24.2.168"
"1312","0","222461.760544923","8180255.16625161","1.24.2.169"
"1313","0","223013.268680924","8180299.48075299","1.24.2.17"
"1314","0","222469.504021641","8180253.33155796","1.24.2.170"
"1315","0","222478.396723245","8180254.53777781","1.24.2.171"
"1316","0","222486.451974734","8180255.14272369","1.24.2.172"
"1317","0","222494.007724827","8180256.51449533","1.24.2.173"
"1318","0","222488.329718495","8180278.01147044","1.24.2.174A"
"1319","0","222534.552900767","8180308.74469114","1.24.2.179"
"1320","0","223001.88041766","8180310.23120917","1.24.2.18"
"1321","0","222523.541121496","8180312.09960829","1.24.2.180"
"1322","0","222511.453413063","8180317.16028979","1.24.2.181"
"1323","0","222503.323650796","8180326.08830022","1.24.2.182"
"1324","0","222496.532597327","8180340.29034789","1.24.2.183"
"1325","0","222489.041136555","8180354.12737781","1.24.2.184"
"1326","0","222478.261885759","8180364.98447083","1.24.2.185"
"1327","0","222474.672693763","8180368.5298577","1.24.2.185A"
"1328","0","222470.030398407","8180377.3221014","1.24.2.186"
"1329","0","222463.878590261","8180383.87343026","1.24.2.187"
"1330","0","222465.249946248","8180358.25422661","1.24.2.188"
"1331","0","222477.833953449","8180344.12369847","1.24.2.189"
"1332","0","222989.907089629","8180293.48100042","1.24.2.19"
"1333","0","222489.796251189","8180320.65045803","1.24.2.190"
"1334","0","222474.049534794","8180325.66385253","1.24.2.191"
"1335","0","222468.454102219","8180332.67729937","1.24.2.192"
"1336","0","222465.208957598","8180342.55909183","1.24.2.193"
"1337","0","222458.200577482","8180350.1549346","1.24.2.194"
"1338","0","223140.189042666","8180538.57710329","1.24.2.2"
"1339","0","222998.040116014","8180281.4682602","1.24.2.20"
"1340","0","222987.894215837","8180267.48937158","1.24.2.21"
"1341","0","222974.671846581","8180256.52677745","1.24.2.22"
"1342","0","222936.128659511","8180224.64858498","1.24.2.23"
"1343","0","222925.208825456","8180216.62877069","1.24.2.24"
"1344","0","222899.946851007","8180209.35445755","1.24.2.25"
"1345","0","222880.621428712","8180210.5081772","1.24.2.26"
"1346","0","222867.776276022","8180207.69365768","1.24.2.27"
"1347","0","222869.709925686","8180228.83490569","1.24.2.28"
"1348","0","222892.098712883","8180245.13957055","1.24.2.29"
"1349","0","223150.170859501","8180518.94060274","1.24.2.3"
"1350","0","222874.5312428","8180245.8643439","1.24.2.30"
"1351","0","222862.337693509","8180251.29583152","1.24.2.31"
"1352","0","222855.086391258","8180264.95461493","1.24.2.32"
"1353","0","222860.354989732","8180272.00561635","1.24.2.33"
"1354","0","222836.896963908","8180255.21972833","1.24.2.34"
"1355","0","222847.780528574","8180239.87213517","1.24.2.35"
"1356","0","222845.385642465","8180228.22081427","1.24.2.36"
"1357","0","222843.143826693","8180216.72653087","1.24.2.37"
"1358","0","222827.129002453","8180226.16788781","1.24.2.38"
"1359","0","222813.829818778","8180233.99982552","1.24.2.39"
"1360","0","223149.792559784","8180506.43405182","1.24.2.4"
"1361","0","222821.395671875","8180244.9104747","1.24.2.40"
"1362","0","222827.806436909","8180250.23104559","1.24.2.41"
"1363","0","222799.229276501","8180250.6926957","1.24.2.42"
"1364","0","222811.763419532","8180258.67088685","1.24.2.43"
"1365","0","222822.815351321","8180266.93582807","1.24.2.44"
"1366","0","222840.869006955","8180285.77607073","1.24.2.45"
"1367","0","222850.914072665","8180294.20664982","1.24.2.46"
"1368","0","222861.248845667","8180304.03344834","1.24.2.47"
"1369","0","222867.303176306","8180313.56548172","1.24.2.48"
"1370","0","222847.631604977","8180325.25930116","1.24.2.49"
"1371","0","223145.491037484","8180495.70456621","1.24.2.5"
"1372","0","222839.060148381","8180317.03989534","1.24.2.50"
"1373","0","222834.531343052","8180310.94125109","1.24.2.51"
"1374","0","222825.027919224","8180305.14099881","1.24.2.52"
"1375","0","222808.676854787","8180318.5503901","1.24.2.53"
"1376","0","222816.220357405","8180326.36623182","1.24.2.54"
"1377","0","222816.005730507","8180294.05515652","1.24.2.55"
"1378","0","222805.72373603","8180281.52777048","1.24.2.56"
"1379","0","222792.786870528","8180267.66820654","1.24.2.57"
"1380","0","222780.204753687","8180285.17302913","1.24.2.58"
"1381","0","222786.172420648","8180295.69046865","1.24.2.59"
"1382","0","223142.695870464","8180485.51995507","1.24.2.6"
"1383","0","222793.468743093","8180301.16600311","1.24.2.60"
"1384","0","222801.14018303","8180306.25113552","1.24.2.61"
"1385","0","222802.921028345","8180337.87501412","1.24.2.62"
"1386","0","222796.133081633","8180331.35607441","1.24.2.63"
"1387","0","222791.85671969","8180324.71689812","1.24.2.64"
"1388","0","222783.172541389","8180319.62788075","1.24.2.65"
"1389","0","222769.411050918","8180330.94862723","1.24.2.66"
"1390","0","222778.227474444","8180337.28294536","1.24.2.67"
"1391","0","222785.092158559","8180343.71790316","1.24.2.68"
"1392","0","222772.910986075","8180308.98249228","1.24.2.69"
"1393","0","223138.819794741","8180476.20565066","1.24.2.7"
"1394","0","222766.612159305","8180298.60510623","1.24.2.70"
"1395","0","222749.539146866","8180319.50862979","1.24.2.71"
"1396","0","222724.701939549","8180325.75639145","1.24.2.72"
"1397","0","222712.637939613","8180331.96025239","1.24.2.73"
"1398","0","222698.522615461","8180336.31593627","1.24.2.74"
"1399","0","222677.845147181","8180337.75695384","1.24.2.75"
"1400","0","222672.2669931","8180348.52710728","1.24.2.76"
"1401","0","222659.772124905","8180351.48163114","1.24.2.77"
"1402","0","222703.261201865","8180363.01834856","1.24.2.78"
"1403","0","222687.056180027","8180369.02405069","1.24.2.79"
"1404","0","223132.317686309","8180464.71996305","1.24.2.8"
"1405","0","222673.279982578","8180375.18758676","1.24.2.80"
"1406","0","222656.323389642","8180380.26766705","1.24.2.81"
"1407","0","222657.110582424","8180391.39175466","1.24.2.82"
"1408","0","222653.383016067","8180404.28124358","1.24.2.83"
"1409","0","222652.516357913","8180418.58329474","1.24.2.84"
"1410","0","222652.196892569","8180429.61052077","1.24.2.85"
"1411","0","222629.206286115","8180408.54353834","1.24.2.86"
"1412","0","222632.939500968","8180393.06165378","1.24.2.87"
"1413","0","222636.019431008","8180381.98340295","1.24.2.88"
"1414","0","222631.008567928","8180370.17174373","1.24.2.89"
"1415","0","223094.337472149","8180416.87590685","1.24.2.9"
"1416","0","222624.141626623","8180359.67655926","1.24.2.90"
"1417","0","222618.631525562","8180348.6794402","1.24.2.91"
"1418","0","222610.182019266","8180333.73233073","1.24.2.92"
"1419","0","222601.018071783","8180319.6904374","1.24.2.93"
"1420","0","222639.701080906","8180357.80235988","1.24.2.94"
"1421","0","222645.40692561","8180346.79490627","1.24.2.95"
"1422","0","222650.230109669","8180340.06131727","1.24.2.96"
"1423","0","222654.594894425","8180332.49725321","1.24.2.97"
"1424","0","222664.534360446","8180324.03886116","1.24.2.98"
"1425","0","222652.980887639","8180316.60299113","1.24.2.99"
"1426","0","222411.865627362","8180298.13207256","1.24.3.1"
"1427","0","222397.938856181","8180342.92463803","1.24.3.10"
"1428","0","221981.594156391","8180346.80951965","1.24.3.100"
"1429","0","221972.239448419","8180381.38363324","1.24.3.101"
"1430","0","221974.662722501","8180394.36465813","1.24.3.102"
"1431","0","221984.831501631","8180403.53555139","1.24.3.103"
"1432","0","222000.459472408","8180404.3723547","1.24.3.104"
"1433","0","221943.758452354","8180436.69665126","1.24.3.105"
"1434","0","221861.116238174","8180443.65509282","1.24.3.106"
"1435","0","221874.476246956","8180446.69291168","1.24.3.107"
"1436","0","221884.238163051","8180446.6548201","1.24.3.108"
"1437","0","221893.943835771","8180451.98374214","1.24.3.109"
"1438","0","222399.720967357","8180334.8716822","1.24.3.11"
"1439","0","221897.421646812","8180465.21498498","1.24.3.110"
"1440","0","221897.862818523","8180475.09293696","1.24.3.111"
"1441","0","221897.893234726","8180484.42319714","1.24.3.111A"
"1442","0","221898.761278287","8180494.81526074","1.24.3.111B"
"1443","0","221902.073205416","8180506.55907281","1.24.3.111C"
"1444","0","221904.93237668","8180517.73823703","1.24.3.111D"
"1445","0","221919.345804928","8180521.43911313","1.24.3.112"
"1446","0","221915.094172699","8180489.17845066","1.24.3.113"
"1447","0","221914.507128168","8180457.90726634","1.24.3.114"
"1448","0","221929.435958703","8180462.34349871","1.24.3.115"
"1449","0","221944.325929896","8180471.95603274","1.24.3.116"
"1450","0","221957.466279333","8180482.61608741","1.24.3.117"
"1451","0","221944.471906822","8180495.76688992","1.24.3.118"
"1452","0","221931.971547817","8180499.67837595","1.24.3.119"
"1453","0","221932.698167494","8180513.56289354","1.24.3.119A"
"1454","0","222399.8818377","8180326.14305907","1.24.3.12"
"1455","0","221937.545397968","8180521.72393999","1.24.3.120"
"1456","0","221966.323782722","8180495.76103271","1.24.3.121"
"1457","0","221978.228960412","8180506.50468244","1.24.3.122"
"1458","0","221988.788002287","8180519.73288185","1.24.3.123"
"1459","0","221999.113506526","8180530.59144063","1.24.3.124"
"1460","0","221993.422655589","8180492.47851355","1.24.3.125"
"1461","0","221986.592107107","8180485.86100506","1.24.3.125A"
"1462","0","221983.37955251","8180478.36373085","1.24.3.126"
"1463","0","221982.766307623","8180459.49266251","1.24.3.127"
"1464","0","221984.737128788","8180452.25022417","1.24.3.128"
"1465","0","221984.524554791","8180447.20085596","1.24.3.128A"
"1466","0","221988.793809014","8180436.25405761","1.24.3.129"
"1467","0","221988.598054117","8180427.85902429","1.24.3.130"
"1468","0","221987.11333527","8180419.60877518","1.24.3.131"
"1469","0","221996.244622556","8180418.33767321","1.24.3.131A"
"1470","0","222033.643705384","8180426.7169028","1.24.3.132"
"1471","0","222046.943925241","8180428.89150058","1.24.3.133"
"1472","0","222044.900167696","8180355.93372265","1.24.3.134"
"1473","0","222030.86013091","8180394.35466888","1.24.3.135"
"1474","0","222057.186012301","8180375.12829697","1.24.3.136"
"1475","0","222069.233262504","8180382.70131457","1.24.3.137"
"1476","0","222060.261437861","8180400.97399313","1.24.3.138"
"1477","0","222090.230762355","8180398.91748757","1.24.3.139"
"1478","0","222080.062921619","8180418.41889493","1.24.3.140"
"1479","0","222112.027805083","8180413.64959468","1.24.3.141"
"1480","0","222117.440358181","8180426.86629582","1.24.3.142"
"1481","0","222123.944586085","8180436.28878619","1.24.3.142A"
"1482","0","222158.573727479","8180440.55097151","1.24.3.143"
"1483","0","222184.125195847","8180454.7123615","1.24.3.144"
"1484","0","222185.122940754","8180466.5383327","1.24.3.145"
"1485","0","222183.745302695","8180475.70889887","1.24.3.146"
"1486","0","222207.195537336","8180470.46014425","1.24.3.148"
"1487","0","222205.944701448","8180459.22327216","1.24.3.149"
"1488","0","222233.720342311","8180463.18649896","1.24.3.150"
"1489","0","222233.36109809","8180473.05960396","1.24.3.151"
"1490","0","222232.936505234","8180479.0898184","1.24.3.152"
"1491","0","222254.652607189","8180466.07471562","1.24.3.154"
"1492","0","222253.730307437","8180455.69359075","1.24.3.155"
"1493","0","222306.940342304","8180442.93827765","1.24.3.159"
"1494","0","222316.29584022","8180425.5328447","1.24.3.160"
"1495","0","222353.209942069","8180391.18428699","1.24.3.163"
"1496","0","222362.860426871","8180432.93168837","1.24.3.164"
"1497","0","222371.155915368","8180446.05680189","1.24.3.165"
"1498","0","222362.457049772","8180457.24471246","1.24.3.166"
"1499","0","222370.664282254","8180468.6765966","1.24.3.167"
"1500","0","222354.48034095","8180324.82625843","1.24.3.17"
"1501","0","222206.820779521","8180479.99531913","1.24.3.174"
"1502","0","222344.51305175","8180321.8370856","1.24.3.18"
"1503","0","222336.456962663","8180315.57984252","1.24.3.19"
"1504","0","222443.253302687","8180410.11377006","1.24.3.2"
"1505","0","222272.612417082","8180260.61534407","1.24.3.23"
"1506","0","222258.294427606","8180275.07558093","1.24.3.24"
"1507","0","222441.41680511","8180387.06564403","1.24.3.3"
"1508","0","222252.083757034","8180354.74874795","1.24.3.31"
"1509","0","222249.812933204","8180362.61511754","1.24.3.31A"
"1510","0","222246.877711702","8180370.12891216","1.24.3.32"
"1511","0","222264.161250574","8180395.39929518","1.24.3.35"
"1512","0","222266.246774807","8180405.40149327","1.24.3.36"
"1513","0","222267.52497967","8180416.01734449","1.24.3.37"
"1514","0","222269.57216581","8180425.70948168","1.24.3.38"
"1515","0","222261.960273825","8180431.67681655","1.24.3.39"
"1516","0","222434.917455862","8180372.27884387","1.24.3.4"
"1517","0","222239.713142783","8180436.54417724","1.24.3.40"
"1518","0","222237.70395883","8180426.3326273","1.24.3.41"
"1519","0","222237.687926305","8180419.90818751","1.24.3.42"
"1520","0","222234.461915754","8180406.571892","1.24.3.43"
"1521","0","222230.497698907","8180383.24641563","1.24.3.44"
"1522","0","222220.188849379","8180381.9458938","1.24.3.45"
"1523","0","222210.890704905","8180388.96087628","1.24.3.46"
"1524","0","222209.653062103","8180411.39105185","1.24.3.47"
"1525","0","222212.102836671","8180419.79222973","1.24.3.48"
"1526","0","222214.690213594","8180429.55345104","1.24.3.49"
"1527","0","222424.672605833","8180360.55711719","1.24.3.5"
"1528","0","222209.728063947","8180438.23383602","1.24.3.50"
"1529","0","222191.835943545","8180438.7040365","1.24.3.51"
"1530","0","222185.783048546","8180423.0905112","1.24.3.52"
"1531","0","222186.740862839","8180415.94615506","1.24.3.53"
"1532","0","222187.30555062","8180402.29179505","1.24.3.54"
"1533","0","222188.235364785","8180390.637088","1.24.3.55"
"1534","0","222188.391788375","8180375.0979027","1.24.3.56"
"1535","0","222181.562280415","8180387.69669905","1.24.3.56A"
"1536","0","222175.039898569","8180398.51032073","1.24.3.56B"
"1537","0","222169.74355666","8180410.90063188","1.24.3.56C"
"1538","0","222166.703293385","8180417.29685005","1.24.3.56D"
"1539","0","222197.083005019","8180353.88880148","1.24.3.56E"
"1540","0","222124.548255477","8180391.96435325","1.24.3.57"
"1541","0","222129.498907019","8180381.15824788","1.24.3.58"
"1542","0","222131.852966298","8180369.62530296","1.24.3.59"
"1543","0","222418.633913322","8180389.86605172","1.24.3.6"
"1544","0","222132.671451851","8180360.03068302","1.24.3.60"
"1545","0","222109.983790273","8180348.82300057","1.24.3.61"
"1546","0","222104.734110396","8180371.85360534","1.24.3.62"
"1547","0","222080.079367475","8180363.38789502","1.24.3.63"
"1548","0","222088.201897754","8180350.62146898","1.24.3.64"
"1549","0","222114.335097076","8180314.58821227","1.24.3.65"
"1550","0","222102.663384137","8180301.96455844","1.24.3.66"
"1551","0","222093.731603562","8180321.95844082","1.24.3.67"
"1552","0","222076.998593402","8180307.8866842","1.24.3.68"
"1553","0","222071.263638509","8180321.6840918","1.24.3.69"
"1554","0","222069.517555145","8180332.28842309","1.24.3.70"
"1555","0","222065.701423016","8180348.58262611","1.24.3.71"
"1556","0","222047.995578632","8180337.37990212","1.24.3.72"
"1557","0","222047.574623661","8180327.09222968","1.24.3.73"
"1558","0","222048.261758423","8180312.25054416","1.24.3.74"
"1559","0","222036.156546891","8180310.51312024","1.24.3.75"
"1560","0","222022.746080724","8180307.87275566","1.24.3.76"
"1561","0","222007.549471152","8180304.11568704","1.24.3.77"
"1562","0","221967.083390091","8180287.41824541","1.24.3.78"
"1563","0","221969.557457336","8180283.44764107","1.24.3.78A"
"1564","0","221989.431945238","8180304.20910347","1.24.3.79"
"1565","0","222022.210795908","8180280.51597922","1.24.3.80"
"1566","0","222032.126335874","8180284.16662142","1.24.3.80A"
"1567","0","222044.682646471","8180287.18353752","1.24.3.80B"
"1568","0","222008.148295259","8180280.85208005","1.24.3.81"
"1569","0","221992.492857159","8180273.83678595","1.24.3.82"
"1570","0","221952.642658045","8180247.62514681","1.24.3.83"
"1571","0","221940.064024027","8180254.57085449","1.24.3.84"
"1572","0","221928.889497192","8180264.10326684","1.24.3.85"
"1573","0","221926.274491341","8180277.60382219","1.24.3.86"
"1574","0","221923.770594332","8180291.58322251","1.24.3.87"
"1575","0","221951.155218682","8180300.83861292","1.24.3.88"
"1576","0","221937.156682658","8180342.73424319","1.24.3.93"
"1577","0","221936.294004242","8180348.88721071","1.24.3.94"
"1578","0","221943.956954173","8180356.04771223","1.24.3.95"
"1579","0","221953.496275561","8180366.92645842","1.24.3.97"
"1580","0","221960.580740809","8180371.67662301","1.24.3.98"
"1581","0","222000.621517009","8180358.49659531","1.24.3.99"
"1582","0","222009.076148416","8180353.52081945","1.24.3.99A"
"1583","0","222271.313744867","8180516.47734425","1.24.4.100"
"1584","0","222277.374936725","8180516.80431642","1.24.4.101"
"1585","0","222284.920484692","8180517.00699343","1.24.4.102"
"1586","0","222286.59272096","8180506.50542094","1.24.4.103"
"1587","0","222286.375788436","8180494.14702642","1.24.4.104"
"1588","0","222301.672416963","8180492.65844365","1.24.4.105"
"1589","0","222301.786676965","8180504.14671026","1.24.4.106"
"1590","0","222298.161415108","8180517.83497637","1.24.4.107"
"1591","0","222305.816527221","8180521.49417241","1.24.4.108"
"1592","0","222339.87748028","8180505.68586601","1.24.4.111B"
"1593","0","222386.415253901","8180503.20205174","1.24.4.115B"
"1594","0","222390.318725769","8180506.40845918","1.24.4.115C"
"1595","0","222393.363689023","8180510.54717351","1.24.4.115D"
"1596","0","222029.919706442","8180502.60082618","1.24.4.44"
"1597","0","222038.449267443","8180504.29483298","1.24.4.45"
"1598","0","222049.252392072","8180472.05747328","1.24.4.49"
"1599","0","222099.864578272","8180469.72671048","1.24.4.60"
"1600","0","222099.800390465","8180475.62664655","1.24.4.61"
"1601","0","222113.74068879","8180479.31809772","1.24.4.68"
"1602","0","222117.99575414","8180476.12851683","1.24.4.69"
"1603","0","222131.296009364","8180477.86600921","1.24.4.70"
"1604","0","222148.863864123","8180505.16830411","1.24.4.76"
"1605","0","222149.910300365","8180494.18788407","1.24.4.77"
"1606","0","222150.169280422","8180486.89974631","1.24.4.78"
"1607","0","222266.760166502","8180491.90800884","1.24.4.97"
"1608","0","222264.450691481","8180503.40828845","1.24.4.98"
"1609","0","222262.013375676","8180518.23211508","1.24.4.99"
"1610","0","223108.847960443","8180578.40359139","1.24.6.1"
"1611","0","223104.182859204","8180573.75250051","1.24.6.2"
"1612","0","223084.107132464","8180567.2165554","1.24.6.24"
"1613","0","223100.628279292","8180563.09742791","1.24.6.3"
"1614","0","223090.596404092","8180578.29422501","1.24.6.37"
"1615","0","223095.80922696","8180555.74495914","1.24.6.4"
"1616","0","223109.608617216","8180537.08904649","1.24.6.5"
"1617","0","223108.296523327","8180531.64551894","1.24.6.5A"
"1618","0","223102.582320768","8180515.21774113","1.24.6.6"
"1619","0","223086.916499088","8180532.64995309","1.24.6.7"
"1620","0","223762.829459783","8180156.8170417","1.24.9.31"
"1621","0","223786.246732776","8180144.96279224","1.24.9.32"
