X,Y,UNICODE,P,D,L,V,LATITUDE,LONGITUDE
-71.594145,-16.439326,1.24.5.1,1,24,5,1,-16.439326000000001,-71.594144999999997
-71.59497328,-16.43915757,1.24.5.10,1,24,5,10,-16.439157569999999,-71.594973280000005
-71.59512192,-16.43915823,1.24.5.100,1,24,5,100,-16.439158230000000,-71.595121919999997
-71.59590417,-16.4390246,1.24.5.101,1,24,5,101,-16.439024600000000,-71.595904169999997
-71.59585812,-16.43896746,1.24.5.102,1,24,5,102,-16.438967460000001,-71.595858120000003
-71.59578834,-16.43889943,1.24.5.103,1,24,5,103,-16.438899429999999,-71.595788339999999
-71.59569329,-16.43880607,1.24.5.104,1,24,5,104,-16.438806069999998,-71.595693290000000
-71.59555364,-16.43886857,1.24.5.105,1,24,5,105,-16.438868570000000,-71.595553640000006
-71.59544065,-16.43893222,1.24.5.106,1,24,5,106,-16.438932220000002,-71.595440650000000
-71.5953526,-16.43893981,1.24.5.107,1,24,5,107,-16.438939810000001,-71.595352599999998
-71.59524887,-16.43896936,1.24.5.108,1,24,5,108,-16.438969360000002,-71.595248870000006
-71.59511203,-16.43896556,1.24.5.109,1,24,5,109,-16.438965560000000,-71.595112029999996
-71.59490865,-16.43914672,1.24.5.11,1,24,5,11,-16.439146720000000,-71.594908649999994
-71.59510124,-16.43902789,1.24.5.110,1,24,5,110,-16.439027889999998,-71.595101240000005
-71.59582215,-16.43872576,1.24.5.111,1,24,5,111,-16.438725760000001,-71.595822150000004
-71.59596069,-16.43885031,1.24.5.112,1,24,5,112,-16.438850309999999,-71.595960689999998
-71.59606514,-16.43893713,1.24.5.113,1,24,5,113,-16.438937129999999,-71.596065139999993
-71.59614425,-16.43898777,1.24.5.114,1,24,5,114,-16.438987770000001,-71.596144249999995
-71.59621495,-16.43904099,1.24.5.115,1,24,5,115,-16.439040989999999,-71.596214950000004
-71.59628263,-16.43910665,1.24.5.116,1,24,5,116,-16.439106649999999,-71.596282630000005
-71.59637142,-16.43917939,1.24.5.117,1,24,5,117,-16.439179390000000,-71.596371419999997
-71.59643248,-16.43891248,1.24.5.118,1,24,5,118,-16.438912479999999,-71.596432480000004
-71.59646452,-16.4388407,1.24.5.119,1,24,5,119,-16.438840700000000,-71.596464519999998
-71.59482558,-16.43916869,1.24.5.12,1,24,5,12,-16.439168689999999,-71.594825580000006
-71.59645868,-16.43875155,1.24.5.120,1,24,5,120,-16.438751549999999,-71.596458679999998
-71.59633496,-16.43876992,1.24.5.121,1,24,5,121,-16.438769919999999,-71.596334959999993
-71.59625842,-16.43876568,1.24.5.122,1,24,5,122,-16.438765679999999,-71.596258419999998
-71.59653196,-16.43935037,1.24.5.123,1,24,5,123,-16.439350370000000,-71.596531959999993
-71.59672914,-16.43922647,1.24.5.124,1,24,5,124,-16.439226470000001,-71.596729139999994
-71.59679006,-16.43915009,1.24.5.125,1,24,5,125,-16.439150089999998,-71.596790060000004
-71.59680253,-16.43908314,1.24.5.126,1,24,5,126,-16.439083140000001,-71.596802530000005
-71.59682815,-16.43903327,1.24.5.127,1,24,5,127,-16.439033269999999,-71.596828149999993
-71.59684916,-16.43898836,1.24.5.128,1,24,5,128,-16.438988360000000,-71.596849160000005
-71.59687772,-16.4389057,1.24.5.129,1,24,5,129,-16.438905699999999,-71.596877719999995
-71.59473627,-16.43919603,1.24.5.13,1,24,5,13,-16.439196030000002,-71.594736269999999
-71.59692204,-16.43874036,1.24.5.130,1,24,5,130,-16.438740360000001,-71.596922039999995
-71.59669411,-16.43875065,1.24.5.131,1,24,5,131,-16.438750649999999,-71.596694110000001
-71.59665451,-16.43884721,1.24.5.132,1,24,5,132,-16.438847209999999,-71.596654509999993
-71.59661076,-16.43891685,1.24.5.133,1,24,5,133,-16.438916849999998,-71.596610760000004
-71.59658312,-16.43900309,1.24.5.134,1,24,5,134,-16.439003090000000,-71.596583120000005
-71.59656999,-16.43910016,1.24.5.135,1,24,5,135,-16.439100159999999,-71.596569990000006
-71.59653925,-16.43918405,1.24.5.136,1,24,5,136,-16.439184050000001,-71.596539250000006
-71.59696345,-16.43860346,1.24.5.137,1,24,5,137,-16.438603460000000,-71.596963450000004
-71.5969603,-16.43850572,1.24.5.138,1,24,5,138,-16.438505719999998,-71.596960300000006
-71.59676876,-16.43855455,1.24.5.139,1,24,5,139,-16.438554549999999,-71.596768760000003
-71.59466715,-16.43924564,1.24.5.14,1,24,5,14,-16.439245639999999,-71.594667150000006
-71.59666576,-16.43854269,1.24.5.140,1,24,5,140,-16.438542689999998,-71.596665759999993
-71.59655353,-16.43856267,1.24.5.141,1,24,5,141,-16.438562670000000,-71.596553529999994
-71.59644048,-16.43853563,1.24.5.142,1,24,5,142,-16.438535630000001,-71.596440479999998
-71.59627366,-16.43854958,1.24.5.143,1,24,5,143,-16.438549580000000,-71.596273659999994
-71.59614694,-16.438601,1.24.5.144,1,24,5,144,-16.438600999999998,-71.596146939999997
-71.59599461,-16.43860489,1.24.5.145,1,24,5,145,-16.438604890000001,-71.595994610000005
-71.59724763,-16.43846591,1.24.5.146,1,24,5,146,-16.438465910000001,-71.597247629999998
-71.59717664,-16.43858544,1.24.5.147,1,24,5,147,-16.438585440000001,-71.597176640000001
-71.59714514,-16.43870491,1.24.5.148,1,24,5,148,-16.438704909999998,-71.597145139999995
-71.59734044,-16.43881142,1.24.5.149,1,24,5,149,-16.438811420000000,-71.597340439999996
-71.59461332,-16.43927998,1.24.5.15,1,24,5,15,-16.439279979999998,-71.594613319999993
-71.59747522,-16.43883818,1.24.5.150,1,24,5,150,-16.438838180000001,-71.597475220000007
-71.59762759,-16.43884293,1.24.5.151,1,24,5,151,-16.438842930000000,-71.597627590000002
-71.59775253,-16.438803,1.24.5.152,1,24,5,152,-16.438803000000000,-71.597752529999994
-71.59797362,-16.43875623,1.24.5.153,1,24,5,153,-16.438756229999999,-71.597973620000005
-71.59797932,-16.43864187,1.24.5.154,1,24,5,154,-16.438641870000001,-71.597979319999993
-71.59795729,-16.43849699,1.24.5.155,1,24,5,155,-16.438496990000001,-71.597957289999997
-71.5978853,-16.43851955,1.24.5.156,1,24,5,156,-16.438519549999999,-71.597885300000002
-71.59780262,-16.43854271,1.24.5.157,1,24,5,157,-16.438542710000000,-71.597802619999996
-71.5976655,-16.43857531,1.24.5.158,1,24,5,158,-16.438575310000001,-71.597665500000005
-71.59759001,-16.43859366,1.24.5.159,1,24,5,159,-16.438593659999999,-71.597590010000005
-71.59449893,-16.43935098,1.24.5.16,1,24,5,16,-16.439350980000000,-71.594498930000000
-71.59752851,-16.43857564,1.24.5.160,1,24,5,160,-16.438575640000000,-71.597528510000004
-71.59740542,-16.43856707,1.24.5.161,1,24,5,161,-16.438567070000001,-71.597405420000001
-71.59703471,-16.43894682,1.24.5.162,1,24,5,162,-16.438946820000002,-71.597034710000003
-71.59698718,-16.43909863,1.24.5.163,1,24,5,163,-16.439098630000000,-71.596987179999999
-71.59695656,-16.43921325,1.24.5.164,1,24,5,164,-16.439213250000002,-71.596956559999995
-71.59691094,-16.43931886,1.24.5.165,1,24,5,165,-16.439318860000000,-71.596910940000001
-71.59689904,-16.43941011,1.24.5.166,1,24,5,166,-16.439410110000001,-71.596899039999997
-71.59687917,-16.43947354,1.24.5.167,1,24,5,167,-16.439473540000002,-71.596879169999994
-71.59714651,-16.4395665,1.24.5.168,1,24,5,168,-16.439566500000002,-71.597146510000002
-71.59721128,-16.43949842,1.24.5.169,1,24,5,169,-16.439498420000000,-71.597211279999996
-71.59441565,-16.43940027,1.24.5.17,1,24,5,17,-16.439400270000000,-71.594415650000002
-71.59723913,-16.43942982,1.24.5.170,1,24,5,170,-16.439429820000001,-71.597239130000006
-71.59728206,-16.43933164,1.24.5.171,1,24,5,171,-16.439331639999999,-71.597282059999998
-71.59731533,-16.43925582,1.24.5.172,1,24,5,172,-16.439255820000000,-71.597315330000001
-71.59734593,-16.43915654,1.24.5.173,1,24,5,173,-16.439156539999999,-71.597345930000003
-71.59738056,-16.43903998,1.24.5.174,1,24,5,174,-16.439039980000000,-71.597380560000005
-71.5973037,-16.43900507,1.24.5.175,1,24,5,175,-16.439005070000000,-71.597303699999998
-71.59718577,-16.43901578,1.24.5.176,1,24,5,176,-16.439015779999998,-71.597185769999996
-71.59689241,-16.43960843,1.24.5.177,1,24,5,177,-16.439608430000000,-71.596892409999995
-71.5968174,-16.43975008,1.24.5.178,1,24,5,178,-16.439750080000000,-71.596817400000006
-71.59679734,-16.43983012,1.24.5.179,1,24,5,179,-16.439830120000000,-71.596797339999995
-71.59441435,-16.43961215,1.24.5.18,1,24,5,18,-16.439612149999999,-71.594414349999994
-71.59705975,-16.43989821,1.24.5.180,1,24,5,180,-16.439898209999999,-71.597059750000000
-71.59710731,-16.43986106,1.24.5.181,1,24,5,181,-16.439861059999998,-71.597107309999998
-71.59712666,-16.43980832,1.24.5.182,1,24,5,182,-16.439808320000001,-71.597126660000001
-71.59713989,-16.43975531,1.24.5.183,1,24,5,183,-16.439755309999999,-71.597139889999994
-71.59715806,-16.43970147,1.24.5.184,1,24,5,184,-16.439701469999999,-71.597158059999998
-71.59705977,-16.4396639,1.24.5.185,1,24,5,185,-16.439663899999999,-71.597059770000001
-71.59671819,-16.43997757,1.24.5.186,1,24,5,186,-16.439977570000000,-71.596718190000004
-71.59666091,-16.44013043,1.24.5.187,1,24,5,187,-16.440130430000000,-71.596660909999997
-71.59703719,-16.44023209,1.24.5.188,1,24,5,188,-16.440232089999999,-71.597037189999995
-71.59709793,-16.44012697,1.24.5.189,1,24,5,189,-16.440126970000001,-71.597097930000004
-71.59499066,-16.43938081,1.24.5.19,1,24,5,19,-16.439380809999999,-71.594990659999993
-71.5970047,-16.44009132,1.24.5.190,1,24,5,190,-16.440091320000001,-71.597004699999999
-71.59689621,-16.44004897,1.24.5.191,1,24,5,191,-16.440048969999999,-71.596896209999997
-71.59679991,-16.4400206,1.24.5.192,1,24,5,192,-16.440020600000000,-71.596799910000001
-71.59727621,-16.44011112,1.24.5.193,1,24,5,193,-16.440111120000001,-71.597276210000004
-71.59728937,-16.44024402,1.24.5.194,1,24,5,194,-16.440244020000002,-71.597289369999999
-71.59766719,-16.44030331,1.24.5.195,1,24,5,195,-16.440303310000001,-71.597667189999996
-71.59768064,-16.44016834,1.24.5.196,1,24,5,196,-16.440168340000000,-71.597680639999993
-71.59757213,-16.44016625,1.24.5.197,1,24,5,197,-16.440166250000001,-71.597572130000003
-71.59749956,-16.44014434,1.24.5.198,1,24,5,198,-16.440144340000000,-71.597499560000003
-71.59742139,-16.44013056,1.24.5.199,1,24,5,199,-16.440130560000000,-71.597421389999994
-71.59495225,-16.43895277,1.24.5.2,1,24,5,2,-16.438952770000000,-71.594952250000006
-71.59492243,-16.43938845,1.24.5.20,1,24,5,20,-16.439388449999999,-71.594922429999997
-71.59765298,-16.43999193,1.24.5.200,1,24,5,200,-16.439991930000001,-71.597652980000007
-71.59768337,-16.43983429,1.24.5.201,1,24,5,201,-16.439834290000000,-71.597683369999999
-71.59767589,-16.43974236,1.24.5.202,1,24,5,202,-16.439742360000000,-71.597675890000005
-71.59756231,-16.4397273,1.24.5.203,1,24,5,203,-16.439727300000001,-71.597562310000001
-71.59741926,-16.43971086,1.24.5.204,1,24,5,204,-16.439710860000002,-71.597419259999995
-71.59730943,-16.43971704,1.24.5.205,1,24,5,205,-16.439717040000001,-71.597309429999996
-71.5972939,-16.43979942,1.24.5.206,1,24,5,206,-16.439799420000000,-71.597293899999997
-71.59725456,-16.43989644,1.24.5.207,1,24,5,207,-16.439896439999998,-71.597254559999996
-71.59726262,-16.43996078,1.24.5.208,1,24,5,208,-16.439960780000000,-71.597262619999995
-71.59742554,-16.43959755,1.24.5.209,1,24,5,209,-16.439597549999998,-71.597425540000003
-71.59481563,-16.43942757,1.24.5.21,1,24,5,21,-16.439427569999999,-71.594815629999999
-71.59738787,-16.43949436,1.24.5.210,1,24,5,210,-16.439494360000001,-71.597387870000006
-71.59740166,-16.43940744,1.24.5.211,1,24,5,211,-16.439407440000000,-71.597401660000003
-71.59743393,-16.43929851,1.24.5.212,1,24,5,212,-16.439298510000000,-71.597433929999994
-71.59746796,-16.43919541,1.24.5.213,1,24,5,213,-16.439195410000000,-71.597467960000003
-71.59751108,-16.4390857,1.24.5.214,1,24,5,214,-16.439085700000000,-71.597511080000004
-71.59751734,-16.43902309,1.24.5.215,1,24,5,215,-16.439023089999999,-71.597517339999996
-71.59762248,-16.43901129,1.24.5.216,1,24,5,216,-16.439011290000000,-71.597622479999998
-71.59772822,-16.43901779,1.24.5.217,1,24,5,217,-16.439017790000001,-71.597728219999993
-71.59780715,-16.43900199,1.24.5.218,1,24,5,218,-16.439001990000001,-71.597807149999994
-71.59792424,-16.43898405,1.24.5.219,1,24,5,219,-16.438984049999998,-71.597924239999998
-71.59474128,-16.4394682,1.24.5.22,1,24,5,22,-16.439468200000000,-71.594741279999994
-71.59801078,-16.43895999,1.24.5.220,1,24,5,220,-16.438959990000001,-71.598010779999996
-71.59807337,-16.43894701,1.24.5.221,1,24,5,221,-16.438947010000000,-71.598073369999994
-71.59811701,-16.43893686,1.24.5.222,1,24,5,222,-16.438936859999998,-71.598117009999996
-71.59820668,-16.43917469,1.24.5.223,1,24,5,223,-16.439174690000002,-71.598206680000004
-71.59825426,-16.43933408,1.24.5.224,1,24,5,224,-16.439334079999998,-71.598254260000004
-71.59848941,-16.43962596,1.24.5.225,1,24,5,225,-16.439625960000001,-71.598489409999999
-71.59844013,-16.43956922,1.24.5.226,1,24,5,226,-16.439569219999999,-71.598440130000000
-71.59838522,-16.43948583,1.24.5.227,1,24,5,227,-16.439485829999999,-71.598385219999997
-71.59834049,-16.43938363,1.24.5.228,1,24,5,228,-16.439383629999998,-71.598340489999998
-71.59829782,-16.43923877,1.24.5.229,1,24,5,229,-16.439238769999999,-71.598297819999999
-71.59464289,-16.43951,1.24.5.23,1,24,5,23,-16.439509999999999,-71.594642890000003
-71.59796634,-16.43926174,1.24.5.230,1,24,5,230,-16.439261739999999,-71.597966339999999
-71.5983102,-16.43973408,1.24.5.231,1,24,5,231,-16.439734080000001,-71.598310200000000
-71.59821531,-16.4396046,1.24.5.232,1,24,5,232,-16.439604599999999,-71.598215310000000
-71.59816916,-16.4395214,1.24.5.233,1,24,5,233,-16.439521400000000,-71.598169159999998
-71.59813148,-16.43945825,1.24.5.234,1,24,5,234,-16.439458250000001,-71.598131480000006
-71.59811296,-16.43939712,1.24.5.235,1,24,5,235,-16.439397119999999,-71.598112959999995
-71.59807469,-16.43934722,1.24.5.236,1,24,5,236,-16.439347219999998,-71.598074690000004
-71.59772476,-16.43934519,1.24.5.237,1,24,5,237,-16.439345190000001,-71.597724760000006
-71.59768732,-16.43948087,1.24.5.238,1,24,5,238,-16.439480870000001,-71.597687320000006
-71.59772194,-16.43957516,1.24.5.239,1,24,5,239,-16.439575160000000,-71.597721940000000
-71.59454602,-16.43955514,1.24.5.24,1,24,5,24,-16.439555140000000,-71.594546019999996
-71.59782,-16.4394511,1.24.5.240,1,24,5,240,-16.439451099999999,-71.597819999999999
-71.59797523,-16.43972337,1.24.5.241,1,24,5,241,-16.439723369999999,-71.597975230000003
-71.59786218,-16.43971417,1.24.5.242,1,24,5,242,-16.439714169999998,-71.597862180000007
-71.59786229,-16.43983317,1.24.5.243,1,24,5,243,-16.439833170000000,-71.597862289999995
-71.59782981,-16.43999788,1.24.5.244,1,24,5,244,-16.439997880000000,-71.597829809999993
-71.59784547,-16.44025198,1.24.5.245,1,24,5,245,-16.440251979999999,-71.597845469999996
-71.59805819,-16.44016066,1.24.5.246,1,24,5,246,-16.440160660000000,-71.598058190000003
-71.59815991,-16.4399927,1.24.5.247,1,24,5,247,-16.439992700000001,-71.598159910000007
-71.59822788,-16.44005968,1.24.5.248,1,24,5,248,-16.440059680000001,-71.598227879999996
-71.59831631,-16.44011826,1.24.5.249,1,24,5,249,-16.440118259999998,-71.598316310000001
-71.59463031,-16.43972684,1.24.5.25,1,24,5,25,-16.439726839999999,-71.594630309999999
-71.59837944,-16.44016873,1.24.5.250,1,24,5,250,-16.440168730000000,-71.598379440000002
-71.59830683,-16.44021491,1.24.5.251,1,24,5,251,-16.440214910000002,-71.598306829999999
-71.59824415,-16.44026493,1.24.5.252,1,24,5,252,-16.440264930000001,-71.598244149999999
-71.5981975,-16.44031953,1.24.5.253,1,24,5,253,-16.440319530000000,-71.598197499999998
-71.59825146,-16.44051593,1.24.5.254,1,24,5,254,-16.440515930000000,-71.598251460000000
-71.59837662,-16.44038424,1.24.5.255,1,24,5,255,-16.440384240000000,-71.598376619999996
-71.59851835,-16.44024739,1.24.5.256,1,24,5,256,-16.440247390000000,-71.598518350000006
-71.5986011,-16.4403184,1.24.5.257,1,24,5,257,-16.440318399999999,-71.598601099999996
-71.59874964,-16.44037987,1.24.5.258,1,24,5,258,-16.440379870000001,-71.598749639999994
-71.59854816,-16.44016897,1.24.5.259,1,24,5,259,-16.440168969999998,-71.598548160000007
-71.59501708,-16.43962157,1.24.5.26,1,24,5,26,-16.439621570000000,-71.595017080000005
-71.59858019,-16.44014727,1.24.5.260,1,24,5,260,-16.440147270000001,-71.598580190000007
-71.59859889,-16.44013129,1.24.5.261,1,24,5,261,-16.440131290000000,-71.598598890000005
-71.59862182,-16.44011147,1.24.5.262,1,24,5,262,-16.440111470000002,-71.598621820000005
-71.59865407,-16.44007905,1.24.5.263,1,24,5,263,-16.440079050000001,-71.598654069999995
-71.59874069,-16.44009988,1.24.5.264,1,24,5,264,-16.440099880000002,-71.598740690000000
-71.59880337,-16.44015094,1.24.5.265,1,24,5,265,-16.440150939999999,-71.598803369999999
-71.59890642,-16.44019788,1.24.5.266,1,24,5,266,-16.440197879999999,-71.598906420000006
-71.59900294,-16.44024609,1.24.5.267,1,24,5,267,-16.440246089999999,-71.599002940000005
-71.59915373,-16.44019224,1.24.5.268,1,24,5,268,-16.440192239999998,-71.599153729999998
-71.59917939,-16.44009446,1.24.5.269,1,24,5,269,-16.440094460000001,-71.599179390000003
-71.59494022,-16.43964117,1.24.5.27,1,24,5,27,-16.439641170000002,-71.594940219999998
-71.59919691,-16.43999724,1.24.5.270,1,24,5,270,-16.439997240000000,-71.599196910000003
-71.59923385,-16.43989916,1.24.5.271,1,24,5,271,-16.439899160000000,-71.599233850000005
-71.59925131,-16.43978567,1.24.5.272,1,24,5,272,-16.439785669999999,-71.599251310000000
-71.59927645,-16.439701,1.24.5.273,1,24,5,273,-16.439700999999999,-71.599276450000005
-71.59936324,-16.43971023,1.24.5.274,1,24,5,274,-16.439710229999999,-71.599363240000002
-71.59942599,-16.43971793,1.24.5.275,1,24,5,275,-16.439717930000000,-71.599425990000000
-71.5994872,-16.43973783,1.24.5.276,1,24,5,276,-16.439737829999999,-71.599487199999999
-71.5994545,-16.43984555,1.24.5.277,1,24,5,277,-16.439845550000001,-71.599454499999993
-71.59940772,-16.4399241,1.24.5.278,1,24,5,278,-16.439924099999999,-71.599407720000002
-71.59939353,-16.43998444,1.24.5.279,1,24,5,279,-16.439984440000000,-71.599393530000000
-71.59486339,-16.43965932,1.24.5.28,1,24,5,28,-16.439659320000001,-71.594863390000000
-71.59936607,-16.44007661,1.24.5.280,1,24,5,280,-16.440076609999998,-71.599366070000002
-71.59933894,-16.44013504,1.24.5.281,1,24,5,281,-16.440135040000001,-71.599338939999996
-71.59930313,-16.4402106,1.24.5.282,1,24,5,282,-16.440210600000000,-71.599303129999996
-71.59910029,-16.43976601,1.24.5.283,1,24,5,283,-16.439766010000000,-71.599100289999996
-71.59899655,-16.43976751,1.24.5.284,1,24,5,284,-16.439767509999999,-71.598996549999995
-71.59894011,-16.43973433,1.24.5.285,1,24,5,285,-16.439734330000000,-71.598940110000001
-71.59887688,-16.43969614,1.24.5.286,1,24,5,286,-16.439696139999999,-71.598876880000006
-71.59881328,-16.43964452,1.24.5.287,1,24,5,287,-16.439644520000002,-71.598813280000002
-71.59877041,-16.43957748,1.24.5.288,1,24,5,288,-16.439577480000001,-71.598770410000000
-71.59858095,-16.43971108,1.24.5.289,1,24,5,289,-16.439711079999999,-71.598580949999999
-71.59474882,-16.43969138,1.24.5.29,1,24,5,29,-16.439691379999999,-71.594748820000007
-71.59864299,-16.43978394,1.24.5.290,1,24,5,290,-16.439783940000002,-71.598642990000002
-71.59869909,-16.43982804,1.24.5.291,1,24,5,291,-16.439828039999998,-71.598699089999997
-71.59876482,-16.43989316,1.24.5.292,1,24,5,292,-16.439893160000000,-71.598764820000000
-71.59884552,-16.43995135,1.24.5.293,1,24,5,293,-16.439951350000001,-71.598845519999998
-71.59893618,-16.43998658,1.24.5.294,1,24,5,294,-16.439986579999999,-71.598936179999995
-71.59903438,-16.44001673,1.24.5.295,1,24,5,295,-16.440016730000000,-71.599034380000006
-71.59853277,-16.44005225,1.24.5.296,1,24,5,296,-16.440052250000001,-71.598532770000006
-71.59846427,-16.43998598,1.24.5.297,1,24,5,297,-16.439985979999999,-71.598464269999994
-71.59838984,-16.43992991,1.24.5.298,1,24,5,298,-16.439929910000000,-71.598389839999996
-71.59833092,-16.43986688,1.24.5.299,1,24,5,299,-16.439866880000000,-71.598330919999995
-71.59480862,-16.43897227,1.24.5.3,1,24,5,3,-16.438972270000001,-71.594808619999995
-71.59479298,-16.43989776,1.24.5.30,1,24,5,30,-16.439897760000001,-71.594792979999994
-71.59870907,-16.43945246,1.24.5.300,1,24,5,300,-16.439452459999998,-71.598709069999998
-71.59866226,-16.43938424,1.24.5.301,1,24,5,301,-16.439384239999999,-71.598662259999998
-71.5986016,-16.43929876,1.24.5.302,1,24,5,302,-16.439298760000000,-71.598601599999995
-71.59856536,-16.43923444,1.24.5.303,1,24,5,303,-16.439234440000000,-71.598565359999995
-71.59851029,-16.43914387,1.24.5.304,1,24,5,304,-16.439143869999999,-71.598510289999993
-71.59847118,-16.43907461,1.24.5.305,1,24,5,305,-16.439074609999999,-71.598471180000004
-71.59841429,-16.4390064,1.24.5.306,1,24,5,306,-16.439006400000000,-71.598414289999994
-71.59832824,-16.43894072,1.24.5.307,1,24,5,307,-16.438940720000002,-71.598328240000001
-71.59823239,-16.4389231,1.24.5.308,1,24,5,308,-16.438923100000000,-71.598232390000007
-71.59822014,-16.43873068,1.24.5.309,1,24,5,309,-16.438730679999999,-71.598220139999995
-71.59494918,-16.43998037,1.24.5.31,1,24,5,31,-16.439980370000001,-71.594949180000000
-71.59833315,-16.43873632,1.24.5.310,1,24,5,310,-16.438736320000000,-71.598333150000002
-71.59840978,-16.43875981,1.24.5.311,1,24,5,311,-16.438759810000001,-71.598409779999997
-71.59847362,-16.43880689,1.24.5.312,1,24,5,312,-16.438806889999999,-71.598473619999993
-71.59856943,-16.43885443,1.24.5.313,1,24,5,313,-16.438854429999999,-71.598569429999998
-71.59863595,-16.4389482,1.24.5.314,1,24,5,314,-16.438948199999999,-71.598635950000002
-71.59867187,-16.43899916,1.24.5.315,1,24,5,315,-16.438999160000002,-71.598671870000004
-71.59875669,-16.43911982,1.24.5.316,1,24,5,316,-16.439119819999998,-71.598756690000002
-71.59882513,-16.43924318,1.24.5.317,1,24,5,317,-16.439243179999998,-71.598825129999994
-71.5989312,-16.43916649,1.24.5.318,1,24,5,318,-16.439166490000002,-71.598931199999996
-71.5990491,-16.43911256,1.24.5.319,1,24,5,319,-16.439112560000002,-71.599049100000002
-71.59527704,-16.43985769,1.24.5.32,1,24,5,32,-16.439857690000000,-71.595277039999999
-71.59898215,-16.43899839,1.24.5.320,1,24,5,320,-16.438998389999998,-71.598982149999998
-71.59893222,-16.43895016,1.24.5.321,1,24,5,321,-16.438950160000001,-71.598932219999995
-71.59888984,-16.43885728,1.24.5.322,1,24,5,322,-16.438857280000001,-71.598889839999998
-71.59883477,-16.43880879,1.24.5.323,1,24,5,323,-16.438808790000000,-71.598834769999996
-71.59881684,-16.43873896,1.24.5.324,1,24,5,324,-16.438738959999998,-71.598816839999998
-71.59875967,-16.43866427,1.24.5.325,1,24,5,325,-16.438664270000000,-71.598759670000007
-71.59865873,-16.43857657,1.24.5.326,1,24,5,326,-16.438576569999999,-71.598658729999997
-71.59848965,-16.43849659,1.24.5.327,1,24,5,327,-16.438496590000000,-71.598489650000005
-71.5984055,-16.43846792,1.24.5.328,1,24,5,328,-16.438467920000001,-71.598405499999998
-71.59832669,-16.43846136,1.24.5.329,1,24,5,329,-16.438461360000002,-71.598326689999993
-71.59518118,-16.439852,1.24.5.33,1,24,5,33,-16.439851999999998,-71.595181179999997
-71.59820228,-16.43844701,1.24.5.330,1,24,5,330,-16.438447010000001,-71.598202279999995
-71.5981248,-16.43847244,1.24.5.331,1,24,5,331,-16.438472440000002,-71.598124799999994
-71.59814994,-16.43858968,1.24.5.332,1,24,5,332,-16.438589680000000,-71.598149939999999
-71.59910578,-16.43895147,1.24.5.333,1,24,5,333,-16.438951469999999,-71.599105780000002
-71.59891506,-16.43938547,1.24.5.334,1,24,5,334,-16.439385470000001,-71.598915059999996
-71.59907929,-16.43956718,1.24.5.335,1,24,5,335,-16.439567180000001,-71.599079290000006
-71.59919485,-16.43952209,1.24.5.336,1,24,5,336,-16.439522090000001,-71.599194850000003
-71.59928023,-16.4394775,1.24.5.337,1,24,5,337,-16.439477499999999,-71.599280230000005
-71.59939054,-16.43949812,1.24.5.338,1,24,5,338,-16.439498120000000,-71.599390540000002
-71.59942237,-16.4393606,1.24.5.339,1,24,5,339,-16.439360600000001,-71.599422369999999
-71.59509754,-16.43983896,1.24.5.34,1,24,5,34,-16.439838959999999,-71.595097539999998
-71.59944446,-16.4392746,1.24.5.340,1,24,5,340,-16.439274600000001,-71.599444460000001
-71.59927456,-16.43922536,1.24.5.341,1,24,5,341,-16.439225359999998,-71.599274559999998
-71.59910132,-16.43928913,1.24.5.342,1,24,5,342,-16.439289129999999,-71.599101320000003
-71.59989544,-16.43917893,1.24.5.344,1,24,5,344,-16.439178930000001,-71.599895439999997
-71.59933899,-16.43900609,1.24.5.345,1,24,5,345,-16.439006089999999,-71.599338990000007
-71.59940694,-16.43902364,1.24.5.346,1,24,5,346,-16.439023639999998,-71.599406939999994
-71.59945999,-16.43903999,1.24.5.347,1,24,5,347,-16.439039990000001,-71.599459990000000
-71.59951125,-16.43905999,1.24.5.348,1,24,5,348,-16.439059990000001,-71.599511250000006
-71.59957041,-16.43907809,1.24.5.349,1,24,5,349,-16.439078089999999,-71.599570409999998
-71.59496878,-16.43985185,1.24.5.35,1,24,5,35,-16.439851850000000,-71.594968780000002
-71.59958456,-16.43887861,1.24.5.350,1,24,5,350,-16.438878610000000,-71.599584559999997
-71.5995375,-16.43876516,1.24.5.351,1,24,5,351,-16.438765159999999,-71.599537499999997
-71.59948406,-16.43867085,1.24.5.352,1,24,5,352,-16.438670850000001,-71.599484059999995
-71.5994289,-16.43860817,1.24.5.353,1,24,5,353,-16.438608169999998,-71.599428900000007
-71.59936968,-16.43856943,1.24.5.354,1,24,5,354,-16.438569430000001,-71.599369679999995
-71.5992806,-16.43848167,1.24.5.355,1,24,5,355,-16.438481670000002,-71.599280600000000
-71.59912236,-16.43834953,1.24.5.356,1,24,5,356,-16.438349530000000,-71.599122359999996
-71.59900522,-16.43823297,1.24.5.357,1,24,5,357,-16.438232970000001,-71.599005219999995
-71.5989543,-16.43830018,1.24.5.358,1,24,5,358,-16.438300179999999,-71.598954300000003
-71.59888887,-16.43836183,1.24.5.359,1,24,5,359,-16.438361830000002,-71.598888869999996
-71.59503453,-16.44008316,1.24.5.36,1,24,5,36,-16.440083160000000,-71.595034530000007
-71.59883787,-16.43841407,1.24.5.360,1,24,5,360,-16.438414070000000,-71.598837869999997
-71.59888669,-16.43849174,1.24.5.361,1,24,5,361,-16.438491740000000,-71.598886690000000
-71.59893006,-16.43853596,1.24.5.362,1,24,5,362,-16.438535959999999,-71.598930060000001
-71.59897079,-16.43857664,1.24.5.363,1,24,5,363,-16.438576640000001,-71.598970789999996
-71.59901025,-16.43860677,1.24.5.364,1,24,5,364,-16.438606770000000,-71.599010250000006
-71.59907766,-16.43865662,1.24.5.365,1,24,5,365,-16.438656620000000,-71.599077660000006
-71.59913607,-16.43869722,1.24.5.366,1,24,5,366,-16.438697220000002,-71.599136070000000
-71.59921774,-16.43875739,1.24.5.367,1,24,5,367,-16.438757389999999,-71.599217740000000
-71.59926201,-16.43882766,1.24.5.368,1,24,5,368,-16.438827660000001,-71.599262010000004
-71.59870233,-16.43834163,1.24.5.369,1,24,5,369,-16.438341630000000,-71.598702329999995
-71.59512773,-16.44007737,1.24.5.37,1,24,5,37,-16.440077370000001,-71.595127730000002
-71.59887519,-16.43814215,1.24.5.370,1,24,5,370,-16.438142150000001,-71.598875190000001
-71.59880414,-16.43797686,1.24.5.371,1,24,5,371,-16.437976859999999,-71.598804139999999
-71.59876636,-16.43784761,1.24.5.372,1,24,5,372,-16.437847609999999,-71.598766359999999
-71.59876092,-16.43772096,1.24.5.373,1,24,5,373,-16.437720960000000,-71.598760920000004
-71.5988077,-16.43761794,1.24.5.374,1,24,5,374,-16.437617939999999,-71.598807699999995
-71.59884497,-16.43745903,1.24.5.375,1,24,5,375,-16.437459029999999,-71.598844970000002
-71.59876551,-16.43741826,1.24.5.376,1,24,5,376,-16.437418260000001,-71.598765510000007
-71.59869558,-16.43740242,1.24.5.377,1,24,5,377,-16.437402420000002,-71.598695579999998
-71.59862507,-16.43739282,1.24.5.378,1,24,5,378,-16.437392819999999,-71.598625069999997
-71.5985599,-16.43755014,1.24.5.379,1,24,5,379,-16.437550139999999,-71.598559899999998
-71.59522434,-16.44007338,1.24.5.38,1,24,5,38,-16.440073380000001,-71.595224340000001
-71.59857243,-16.43764559,1.24.5.380,1,24,5,380,-16.437645589999999,-71.598572430000004
-71.59852631,-16.43775838,1.24.5.381,1,24,5,381,-16.437758379999998,-71.598526309999997
-71.59851071,-16.43791633,1.24.5.382,1,24,5,382,-16.437916330000000,-71.598510709999999
-71.59856902,-16.43807033,1.24.5.383,1,24,5,383,-16.438070329999999,-71.598569019999999
-71.59863124,-16.43817951,1.24.5.384,1,24,5,384,-16.438179510000001,-71.598631240000003
-71.59835836,-16.43814104,1.24.5.385,1,24,5,385,-16.438141040000001,-71.598358360000006
-71.59830462,-16.43795837,1.24.5.386,1,24,5,386,-16.437958370000000,-71.598304619999993
-71.59822539,-16.43797422,1.24.5.387,1,24,5,387,-16.437974220000001,-71.598225389999996
-71.59814754,-16.43799369,1.24.5.388,1,24,5,388,-16.437993689999999,-71.598147539999999
-71.5980569,-16.43800262,1.24.5.389,1,24,5,389,-16.438002619999999,-71.598056900000003
-71.59531517,-16.4400649,1.24.5.39,1,24,5,39,-16.440064899999999,-71.595315170000006
-71.59797579,-16.43803412,1.24.5.390,1,24,5,390,-16.438034120000001,-71.597975790000007
-71.59790596,-16.43807207,1.24.5.391,1,24,5,391,-16.438072070000000,-71.597905960000006
-71.5978567,-16.43807374,1.24.5.392,1,24,5,392,-16.438073740000000,-71.597856699999994
-71.59776547,-16.43809245,1.24.5.393,1,24,5,393,-16.438092449999999,-71.597765469999999
-71.59761587,-16.43807698,1.24.5.394,1,24,5,394,-16.438076980000002,-71.597615869999998
-71.59763713,-16.43817493,1.24.5.395,1,24,5,395,-16.438174929999999,-71.597637129999995
-71.5976325,-16.43825956,1.24.5.396,1,24,5,396,-16.438259559999999,-71.597632500000003
-71.59764648,-16.43834464,1.24.5.397,1,24,5,397,-16.438344640000000,-71.597646479999995
-71.59778809,-16.43832009,1.24.5.398,1,24,5,398,-16.438320090000001,-71.597788089999995
-71.59785057,-16.43829493,1.24.5.399,1,24,5,399,-16.438294930000001,-71.597850570000006
-71.59469805,-16.43901294,1.24.5.4,1,24,5,4,-16.439012940000001,-71.594698050000005
-71.59553521,-16.43995735,1.24.5.40,1,24,5,40,-16.439957350000000,-71.595535209999994
-71.59796369,-16.43826937,1.24.5.400,1,24,5,400,-16.438269370000000,-71.597963690000000
-71.59804908,-16.43823551,1.24.5.401,1,24,5,401,-16.438235509999998,-71.598049079999996
-71.59810719,-16.43821099,1.24.5.402,1,24,5,402,-16.438210990000002,-71.598107189999993
-71.59818759,-16.43819206,1.24.5.403,1,24,5,403,-16.438192059999999,-71.598187589999995
-71.59827892,-16.43819802,1.24.5.404,1,24,5,404,-16.438198020000002,-71.598278919999998
-71.59828795,-16.43734812,1.24.5.405,1,24,5,405,-16.437348119999999,-71.598287950000000
-71.59825871,-16.4374467,1.24.5.406,1,24,5,406,-16.437446699999999,-71.598258709999996
-71.59823691,-16.43756858,1.24.5.407,1,24,5,407,-16.437568580000001,-71.598236909999997
-71.59793914,-16.43768527,1.24.5.408,1,24,5,408,-16.437685269999999,-71.597939139999994
-71.59801544,-16.43725293,1.24.5.409,1,24,5,409,-16.437252930000000,-71.598015439999998
-71.59558044,-16.4400189,1.24.5.41,1,24,5,41,-16.440018899999998,-71.595580440000006
-71.59783622,-16.43713839,1.24.5.410,1,24,5,410,-16.437138390000001,-71.597836220000005
-71.59772461,-16.43712548,1.24.5.411,1,24,5,411,-16.437125479999999,-71.597724610000000
-71.59783031,-16.43741708,1.24.5.412,1,24,5,412,-16.437417079999999,-71.597830310000006
-71.59780112,-16.43658164,1.24.5.413,1,24,5,413,-16.436581640000000,-71.597801120000000
-71.59772739,-16.43655047,1.24.5.414,1,24,5,414,-16.436550470000000,-71.597727390000003
-71.59763159,-16.43649318,1.24.5.415,1,24,5,415,-16.436493179999999,-71.597631590000006
-71.59754204,-16.43647126,1.24.5.416,1,24,5,416,-16.436471260000001,-71.597542039999993
-71.59747629,-16.43657494,1.24.5.417,1,24,5,417,-16.436574940000000,-71.597476290000003
-71.59741141,-16.43668967,1.24.5.418,1,24,5,418,-16.436689670000000,-71.597411410000007
-71.59736654,-16.43677092,1.24.5.419,1,24,5,419,-16.436770920000001,-71.597366539999996
-71.59561157,-16.44009425,1.24.5.42,1,24,5,42,-16.440094250000001,-71.595611570000003
-71.59732722,-16.43684459,1.24.5.420,1,24,5,420,-16.436844590000000,-71.597327219999997
-71.59730252,-16.43691721,1.24.5.421,1,24,5,421,-16.436917210000001,-71.597302520000000
-71.59725989,-16.43697734,1.24.5.422,1,24,5,422,-16.436977339999999,-71.597259890000004
-71.59723691,-16.4370493,1.24.5.423,1,24,5,423,-16.437049300000002,-71.597236910000007
-71.59722677,-16.43711398,1.24.5.424,1,24,5,424,-16.437113979999999,-71.597226770000006
-71.59722513,-16.43717595,1.24.5.425,1,24,5,425,-16.437175950000000,-71.597225129999998
-71.59722529,-16.43723041,1.24.5.426,1,24,5,426,-16.437230410000002,-71.597225289999997
-71.59723115,-16.43727642,1.24.5.427,1,24,5,427,-16.437276420000000,-71.597231149999999
-71.59727506,-16.43735188,1.24.5.428,1,24,5,428,-16.437351880000001,-71.597275060000001
-71.59728166,-16.43740676,1.24.5.429,1,24,5,429,-16.437406759999998,-71.597281659999993
-71.59552166,-16.44031722,1.24.5.42A,1,24,5,42A,-16.440317220000001,-71.595521660000003
-71.59572679,-16.44022359,1.24.5.42B,1,24,5,42B,-16.440223589999999,-71.595726790000001
-71.5954918,-16.44050098,1.24.5.42C,1,24,5,42C,-16.440500979999999,-71.595491800000005
-71.5959208,-16.44041074,1.24.5.42D,1,24,5,42D,-16.440410740000001,-71.595920800000002
-71.59588369,-16.44018666,1.24.5.43,1,24,5,43,-16.440186659999998,-71.595883689999994
-71.59731249,-16.43748391,1.24.5.430,1,24,5,430,-16.437483910000001,-71.597312489999993
-71.59735016,-16.43761448,1.24.5.431,1,24,5,431,-16.437614480000001,-71.597350160000005
-71.59738004,-16.43771171,1.24.5.432,1,24,5,432,-16.437711709999999,-71.597380040000004
-71.59741245,-16.43781308,1.24.5.433,1,24,5,433,-16.437813080000002,-71.597412449999993
-71.59745174,-16.43792809,1.24.5.434,1,24,5,434,-16.437928090000000,-71.597451739999997
-71.59755635,-16.43789645,1.24.5.435,1,24,5,435,-16.437896450000000,-71.597556350000005
-71.59762349,-16.43787648,1.24.5.436,1,24,5,436,-16.437876480000000,-71.597623490000004
-71.59772469,-16.43783005,1.24.5.437,1,24,5,437,-16.437830049999999,-71.597724690000007
-71.59766642,-16.43770586,1.24.5.438,1,24,5,438,-16.437705860000001,-71.597666419999996
-71.59764375,-16.43761022,1.24.5.439,1,24,5,439,-16.437610220000000,-71.597643750000003
-71.59605061,-16.44009569,1.24.5.44,1,24,5,44,-16.440095690000000,-71.596050610000006
-71.59758103,-16.43748563,1.24.5.440,1,24,5,440,-16.437485630000001,-71.597581030000001
-71.59754461,-16.43736867,1.24.5.441,1,24,5,441,-16.437368670000001,-71.597544610000000
-71.59750083,-16.43719982,1.24.5.442,1,24,5,442,-16.437199820000000,-71.597500830000001
-71.59750024,-16.43704952,1.24.5.443,1,24,5,443,-16.437049519999999,-71.597500240000002
-71.5975318,-16.43695785,1.24.5.444,1,24,5,444,-16.436957849999999,-71.597531799999999
-71.59761206,-16.436819,1.24.5.445,1,24,5,445,-16.436819000000000,-71.597612060000003
-71.59766026,-16.43674177,1.24.5.446,1,24,5,446,-16.436741770000001,-71.597660259999998
-71.59770325,-16.43666179,1.24.5.447,1,24,5,447,-16.436661789999999,-71.597703249999995
-71.59797143,-16.43668918,1.24.5.448,1,24,5,448,-16.436689179999998,-71.597971430000001
-71.59785757,-16.43690674,1.24.5.449,1,24,5,449,-16.436906740000001,-71.597857570000002
-71.59585835,-16.43996665,1.24.5.45,1,24,5,45,-16.439966649999999,-71.595858350000000
-71.59798908,-16.43696929,1.24.5.450,1,24,5,450,-16.436969290000000,-71.597989080000005
-71.59812091,-16.43703171,1.24.5.451,1,24,5,451,-16.437031709999999,-71.598120910000006
-71.59822081,-16.43707612,1.24.5.452,1,24,5,452,-16.437076120000000,-71.598220810000001
-71.59835161,-16.43711346,1.24.5.453,1,24,5,453,-16.437113459999999,-71.598351609999995
-71.59849702,-16.43715662,1.24.5.454,1,24,5,454,-16.437156620000000,-71.598497019999996
-71.59862976,-16.43718087,1.24.5.455,1,24,5,455,-16.437180869999999,-71.598629759999994
-71.59876564,-16.43720549,1.24.5.456,1,24,5,456,-16.437205490000000,-71.598765639999996
-71.59890337,-16.4372574,1.24.5.457,1,24,5,457,-16.437257400000000,-71.598903370000002
-71.59898788,-16.43704407,1.24.5.458,1,24,5,458,-16.437044069999999,-71.598987879999996
-71.59891964,-16.43701421,1.24.5.459,1,24,5,459,-16.437014210000001,-71.598919640000005
-71.59582436,-16.43987532,1.24.5.46,1,24,5,46,-16.439875319999999,-71.595824359999995
-71.59881743,-16.43701506,1.24.5.460,1,24,5,460,-16.437015060000000,-71.598817429999997
-71.59868737,-16.43696935,1.24.5.461,1,24,5,461,-16.436969349999998,-71.598687369999993
-71.59856653,-16.43695017,1.24.5.462,1,24,5,462,-16.436950169999999,-71.598566529999999
-71.59842654,-16.43690228,1.24.5.463,1,24,5,463,-16.436902280000002,-71.598426540000006
-71.59829202,-16.43688115,1.24.5.464,1,24,5,464,-16.436881150000001,-71.598292020000002
-71.59821932,-16.43684437,1.24.5.465,1,24,5,465,-16.436844369999999,-71.598219319999998
-71.5980933,-16.43677975,1.24.5.466,1,24,5,466,-16.436779749999999,-71.598093300000002
-71.59770977,-16.43625062,1.24.5.467,1,24,5,467,-16.436250619999999,-71.597709769999994
-71.5978167,-16.43632305,1.24.5.468,1,24,5,468,-16.436323049999999,-71.597816699999996
-71.59793744,-16.43637876,1.24.5.469,1,24,5,469,-16.436378760000000,-71.597937439999995
-71.59579984,-16.43972303,1.24.5.47,1,24,5,47,-16.439723030000000,-71.595799839999998
-71.59803591,-16.43643735,1.24.5.470,1,24,5,470,-16.436437349999999,-71.598035909999993
-71.5981416,-16.43648718,1.24.5.471,1,24,5,471,-16.436487180000000,-71.598141600000005
-71.59823512,-16.43655399,1.24.5.472,1,24,5,472,-16.436553990000000,-71.598235119999998
-71.59835174,-16.43660336,1.24.5.473,1,24,5,473,-16.436603359999999,-71.598351739999998
-71.5985406,-16.43662061,1.24.5.474,1,24,5,474,-16.436620609999999,-71.598540600000007
-71.59842352,-16.43640279,1.24.5.475,1,24,5,475,-16.436402789999999,-71.598423519999997
-71.59829363,-16.4363454,1.24.5.476,1,24,5,476,-16.436345400000000,-71.598293630000001
-71.59817395,-16.43629342,1.24.5.477,1,24,5,477,-16.436293419999998,-71.598173950000003
-71.5980603,-16.43621305,1.24.5.478,1,24,5,478,-16.436213049999999,-71.598060300000000
-71.597949,-16.43617433,1.24.5.479,1,24,5,479,-16.436174330000000,-71.597949000000000
-71.59571709,-16.43977178,1.24.5.48,1,24,5,48,-16.439771780000001,-71.595717089999994
-71.59789313,-16.43613353,1.24.5.480,1,24,5,480,-16.436133529999999,-71.597893130000003
-71.59780692,-16.43610512,1.24.5.481,1,24,5,481,-16.436105120000001,-71.597806919999996
-71.59792475,-16.43585178,1.24.5.482,1,24,5,482,-16.435851780000000,-71.597924750000004
-71.5980775,-16.43593398,1.24.5.483,1,24,5,483,-16.435933980000001,-71.598077500000002
-71.59815579,-16.43598936,1.24.5.484,1,24,5,484,-16.435989360000001,-71.598155790000007
-71.59824517,-16.43604402,1.24.5.485,1,24,5,485,-16.436044020000001,-71.598245169999998
-71.59832158,-16.43607744,1.24.5.486,1,24,5,486,-16.436077439999998,-71.598321580000004
-71.59847968,-16.43614693,1.24.5.487,1,24,5,487,-16.436146930000000,-71.598479679999997
-71.59860253,-16.43623326,1.24.5.488,1,24,5,488,-16.436233260000002,-71.598602529999994
-71.59868429,-16.43635283,1.24.5.489,1,24,5,489,-16.436352830000001,-71.598684289999994
-71.5955887,-16.43984063,1.24.5.49,1,24,5,49,-16.439840629999999,-71.595588699999993
-71.59871346,-16.43648095,1.24.5.490,1,24,5,490,-16.436480950000000,-71.598713459999999
-71.59874296,-16.43657468,1.24.5.491,1,24,5,491,-16.436574680000000,-71.598742959999996
-71.5987586,-16.43666683,1.24.5.492,1,24,5,492,-16.436666830000000,-71.598758599999996
-71.59875675,-16.43678221,1.24.5.493,1,24,5,493,-16.436782210000001,-71.598756750000007
-71.59889661,-16.43680863,1.24.5.494,1,24,5,494,-16.436808630000002,-71.598896609999997
-71.59901238,-16.43682533,1.24.5.495,1,24,5,495,-16.436825330000001,-71.599012380000005
-71.59903825,-16.43672084,1.24.5.496,1,24,5,496,-16.436720840000000,-71.599038250000007
-71.59902984,-16.43659003,1.24.5.497,1,24,5,497,-16.436590030000001,-71.599029840000000
-71.59900532,-16.43649783,1.24.5.498,1,24,5,498,-16.436497830000000,-71.599005320000003
-71.59899338,-16.43639903,1.24.5.499,1,24,5,499,-16.436399030000000,-71.598993379999996
-71.59460186,-16.43904628,1.24.5.5,1,24,5,5,-16.439046279999999,-71.594601859999997
-71.59552498,-16.43987223,1.24.5.50,1,24,5,50,-16.439872229999999,-71.595524979999993
-71.59896159,-16.43627515,1.24.5.500,1,24,5,500,-16.436275150000000,-71.598961590000002
-71.59894815,-16.43618693,1.24.5.501,1,24,5,501,-16.436186930000002,-71.598948149999998
-71.5988588,-16.43609276,1.24.5.502,1,24,5,502,-16.436092760000001,-71.598858800000002
-71.5987196,-16.4360248,1.24.5.503,1,24,5,503,-16.436024799999998,-71.598719599999995
-71.59859095,-16.43595754,1.24.5.504,1,24,5,504,-16.435957540000000,-71.598590950000002
-71.59846749,-16.43588369,1.24.5.505,1,24,5,505,-16.435883690000001,-71.598467490000004
-71.5983569,-16.43582612,1.24.5.506,1,24,5,506,-16.435826120000002,-71.598356899999999
-71.59822019,-16.43577406,1.24.5.507,1,24,5,507,-16.435774060000000,-71.598220190000006
-71.59814243,-16.43569958,1.24.5.508,1,24,5,508,-16.435699580000001,-71.598142429999996
-71.59803203,-16.43565026,1.24.5.509,1,24,5,509,-16.435650259999999,-71.598032029999999
-71.59599774,-16.43965206,1.24.5.51,1,24,5,51,-16.439652060000000,-71.595997740000001
-71.59969001,-16.43858054,1.24.5.510,1,24,5,510,-16.438580540000000,-71.599690010000003
-71.59973818,-16.43847197,1.24.5.510A,1,24,5,510A,-16.438471969999998,-71.599738180000003
-71.59976324,-16.43840065,1.24.5.510B,1,24,5,510B,-16.438400649999998,-71.599763240000001
-71.59978992,-16.43834217,1.24.5.510C,1,24,5,510C,-16.438342169999999,-71.599789920000006
-71.59984524,-16.4382947,1.24.5.510D,1,24,5,510D,-16.438294700000000,-71.599845239999993
-71.59990024,-16.43822859,1.24.5.510E,1,24,5,510E,-16.438228590000001,-71.599900239999997
-71.5999484,-16.43817574,1.24.5.510F,1,24,5,510F,-16.438175739999998,-71.599948400000002
-71.60023371,-16.43801376,1.24.5.510G,1,24,5,510G,-16.438013760000000,-71.600233709999998
-71.59958257,-16.43849274,1.24.5.511,1,24,5,511,-16.438492740000001,-71.599582569999995
-71.59948926,-16.43844391,1.24.5.512,1,24,5,512,-16.438443910000000,-71.599489259999999
-71.59939376,-16.43835107,1.24.5.513,1,24,5,513,-16.438351070000000,-71.599393759999998
-71.59932648,-16.43828891,1.24.5.514,1,24,5,514,-16.438288910000001,-71.599326480000002
-71.59924141,-16.43821507,1.24.5.515,1,24,5,515,-16.438215069999998,-71.599241410000005
-71.59918576,-16.43814332,1.24.5.516,1,24,5,516,-16.438143319999998,-71.599185759999997
-71.59913278,-16.43811554,1.24.5.517,1,24,5,517,-16.438115539999998,-71.599132780000005
-71.59905102,-16.4380649,1.24.5.518,1,24,5,518,-16.438064900000001,-71.599051020000005
-71.59898723,-16.43796486,1.24.5.519,1,24,5,519,-16.437964860000001,-71.598987230000006
-71.59603447,-16.43974437,1.24.5.52,1,24,5,52,-16.439744370000000,-71.596034470000006
-71.59894586,-16.43784152,1.24.5.520,1,24,5,520,-16.437841519999999,-71.598945860000001
-71.59900084,-16.43752807,1.24.5.521,1,24,5,521,-16.437528069999999,-71.599000840000002
-71.59907641,-16.43736597,1.24.5.522,1,24,5,522,-16.437365969999998,-71.599076409999995
-71.59911359,-16.43726759,1.24.5.523,1,24,5,523,-16.437267590000001,-71.599113590000002
-71.5991461,-16.43710179,1.24.5.524,1,24,5,524,-16.437101790000000,-71.599146099999999
-71.59917609,-16.43689904,1.24.5.525,1,24,5,525,-16.436899040000000,-71.599176090000000
-71.59922035,-16.43674129,1.24.5.526,1,24,5,526,-16.436741290000001,-71.599220349999996
-71.599216,-16.43660161,1.24.5.527,1,24,5,527,-16.436601610000000,-71.599215999999998
-71.59918765,-16.43646551,1.24.5.528,1,24,5,528,-16.436465510000001,-71.599187650000005
-71.59917489,-16.43631204,1.24.5.529,1,24,5,529,-16.436312040000001,-71.599174890000000
-71.59608632,-16.43982435,1.24.5.53,1,24,5,53,-16.439824349999999,-71.596086319999998
-71.59915194,-16.43620304,1.24.5.530,1,24,5,530,-16.436203039999999,-71.599151939999999
-71.5991494,-16.43608414,1.24.5.531,1,24,5,531,-16.436084139999998,-71.599149400000002
-71.59910878,-16.4359737,1.24.5.532,1,24,5,532,-16.435973700000002,-71.599108779999995
-71.59900215,-16.43590628,1.24.5.533,1,24,5,533,-16.435906280000001,-71.599002150000004
-71.59889882,-16.43585081,1.24.5.534,1,24,5,534,-16.435850810000002,-71.598898820000002
-71.59874486,-16.43579209,1.24.5.535,1,24,5,535,-16.435792090000000,-71.598744859999996
-71.5985792,-16.43570985,1.24.5.536,1,24,5,536,-16.435709849999999,-71.598579200000003
-71.59838692,-16.43562289,1.24.5.537,1,24,5,537,-16.435622890000001,-71.598386919999996
-71.59823269,-16.43553463,1.24.5.538,1,24,5,538,-16.435534629999999,-71.598232690000003
-71.59847046,-16.43545232,1.24.5.539,1,24,5,539,-16.435452320000000,-71.598470460000001
-71.5963834,-16.43971449,1.24.5.54,1,24,5,54,-16.439714490000000,-71.596383399999993
-71.59800254,-16.43520657,1.24.5.541,1,24,5,541,-16.435206569999998,-71.598002539999996
-71.59795777,-16.43535884,1.24.5.542,1,24,5,542,-16.435358839999999,-71.597957769999994
-71.59790938,-16.43542694,1.24.5.543,1,24,5,543,-16.435426939999999,-71.597909380000004
-71.59782049,-16.43556485,1.24.5.544,1,24,5,544,-16.435564849999999,-71.597820490000004
-71.59776462,-16.43561753,1.24.5.545,1,24,5,545,-16.435617529999998,-71.597764620000007
-71.59769303,-16.43574082,1.24.5.546,1,24,5,546,-16.435740819999999,-71.597693030000002
-71.59711201,-16.43675094,1.24.5.547,1,24,5,547,-16.436750940000000,-71.597112010000004
-71.59704585,-16.4368831,1.24.5.548,1,24,5,548,-16.436883099999999,-71.597045850000001
-71.59700174,-16.43705141,1.24.5.549,1,24,5,549,-16.437051409999999,-71.597001739999996
-71.59635404,-16.43964932,1.24.5.55,1,24,5,55,-16.439649320000001,-71.596354039999994
-71.59700147,-16.43715146,1.24.5.550,1,24,5,550,-16.437151459999999,-71.597001469999995
-71.59700074,-16.43729234,1.24.5.551,1,24,5,551,-16.437292339999999,-71.597000739999999
-71.59722803,-16.43806503,1.24.5.552,1,24,5,552,-16.438065030000001,-71.597228029999997
-71.5971335,-16.43821877,1.24.5.553,1,24,5,553,-16.438218769999999,-71.597133499999998
-71.59614579,-16.43836698,1.24.5.554,1,24,5,554,-16.438366980000001,-71.596145789999994
-71.59629167,-16.43833149,1.24.5.555,1,24,5,555,-16.438331489999999,-71.596291669999999
-71.59619258,-16.43827525,1.24.5.556,1,24,5,556,-16.438275250000000,-71.596192579999993
-71.59605337,-16.43821562,1.24.5.557,1,24,5,557,-16.438215620000001,-71.596053370000007
-71.5959254,-16.4381133,1.24.5.558,1,24,5,558,-16.438113300000001,-71.595925399999999
-71.59572167,-16.43834406,1.24.5.559,1,24,5,559,-16.438344059999999,-71.595721670000003
-71.59633322,-16.43955439,1.24.5.56,1,24,5,56,-16.439554390000001,-71.596333220000005
-71.59557345,-16.43846399,1.24.5.560,1,24,5,560,-16.438463989999999,-71.595573450000003
-71.59550206,-16.43849887,1.24.5.561,1,24,5,561,-16.438498870000000,-71.595502060000001
-71.59541385,-16.43854994,1.24.5.562,1,24,5,562,-16.438549940000001,-71.595413850000000
-71.5952931,-16.43861659,1.24.5.563,1,24,5,563,-16.438616589999999,-71.595293100000006
-71.59520995,-16.43865507,1.24.5.564,1,24,5,564,-16.438655069999999,-71.595209949999997
-71.59503124,-16.43872225,1.24.5.565,1,24,5,565,-16.438722250000001,-71.595031239999997
-71.59533934,-16.43873088,1.24.5.566,1,24,5,566,-16.438730880000001,-71.595339339999995
-71.59546926,-16.43868689,1.24.5.567,1,24,5,567,-16.438686890000000,-71.595469260000002
-71.59560424,-16.43860684,1.24.5.568,1,24,5,568,-16.438606839999998,-71.595604240000000
-71.59574055,-16.43850548,1.24.5.569,1,24,5,569,-16.438505480000000,-71.595740550000002
-71.59630225,-16.43946377,1.24.5.57,1,24,5,57,-16.439463770000000,-71.596302249999994
-71.59575884,-16.4380091,1.24.5.570,1,24,5,570,-16.438009099999999,-71.595758840000002
-71.5956427,-16.43794183,1.24.5.571,1,24,5,571,-16.437941830000000,-71.595642699999999
-71.59552223,-16.43787041,1.24.5.572,1,24,5,572,-16.437870409999999,-71.595522230000000
-71.59543411,-16.43778006,1.24.5.573,1,24,5,573,-16.437780060000001,-71.595434109999999
-71.59532497,-16.43773975,1.24.5.574,1,24,5,574,-16.437739749999999,-71.595324969999993
-71.59520671,-16.43770438,1.24.5.575,1,24,5,575,-16.437704380000000,-71.595206709999999
-71.59509323,-16.43770136,1.24.5.576,1,24,5,576,-16.437701359999998,-71.595093230000003
-71.59500593,-16.43777137,1.24.5.577,1,24,5,577,-16.437771370000000,-71.595005929999999
-71.59495225,-16.43786642,1.24.5.578,1,24,5,578,-16.437866419999999,-71.594952250000006
-71.59498276,-16.43796954,1.24.5.579,1,24,5,579,-16.437969540000001,-71.594982759999994
-71.59620301,-16.4395149,1.24.5.58,1,24,5,58,-16.439514899999999,-71.596203009999996
-71.59504459,-16.43807961,1.24.5.580,1,24,5,580,-16.438079609999999,-71.595044590000001
-71.59510484,-16.43817223,1.24.5.581,1,24,5,581,-16.438172229999999,-71.595104840000005
-71.59517194,-16.43824712,1.24.5.582,1,24,5,582,-16.438247120000000,-71.595171940000000
-71.59522426,-16.43831227,1.24.5.583,1,24,5,583,-16.438312270000001,-71.595224259999995
-71.5952649,-16.43837458,1.24.5.584,1,24,5,584,-16.438374580000001,-71.595264900000004
-71.59531735,-16.43845809,1.24.5.585,1,24,5,585,-16.438458090000001,-71.595317350000002
-71.59386125,-16.43908653,1.24.5.586,1,24,5,586,-16.439086530000001,-71.593861250000003
-71.59360706,-16.43906458,1.24.5.587,1,24,5,587,-16.439064580000000,-71.593607059999997
-71.59611612,-16.43955466,1.24.5.59,1,24,5,59,-16.439554659999999,-71.596116120000005
-71.59451325,-16.43909636,1.24.5.6,1,24,5,6,-16.439096360000001,-71.594513250000006
-71.59618136,-16.44001426,1.24.5.60,1,24,5,60,-16.440014260000002,-71.596181360000003
-71.59651827,-16.44009502,1.24.5.61,1,24,5,61,-16.440095020000001,-71.596518270000004
-71.59654709,-16.43994963,1.24.5.62,1,24,5,62,-16.439949630000001,-71.596547090000001
-71.59647927,-16.43992325,1.24.5.63,1,24,5,63,-16.439923250000000,-71.596479270000003
-71.59636219,-16.43993809,1.24.5.64,1,24,5,64,-16.439938089999998,-71.596362189999994
-71.59628076,-16.43997372,1.24.5.65,1,24,5,65,-16.439973720000001,-71.596280759999999
-71.59660367,-16.43973913,1.24.5.66,1,24,5,66,-16.439739130000000,-71.596603669999993
-71.59667737,-16.43954697,1.24.5.67,1,24,5,67,-16.439546969999999,-71.596677369999995
-71.59658063,-16.43955541,1.24.5.68,1,24,5,68,-16.439555410000001,-71.596580630000005
-71.59648718,-16.43953829,1.24.5.69,1,24,5,69,-16.439538290000002,-71.596487179999997
-71.59440323,-16.43917617,1.24.5.7,1,24,5,7,-16.439176170000000,-71.594403229999998
-71.59621035,-16.43927,1.24.5.70,1,24,5,70,-16.439270000000000,-71.596210350000007
-71.59609126,-16.43933119,1.24.5.71,1,24,5,71,-16.439331190000001,-71.596091259999994
-71.59600935,-16.43935451,1.24.5.72,1,24,5,72,-16.439354510000001,-71.596009350000003
-71.59595948,-16.43938737,1.24.5.73,1,24,5,73,-16.439387369999999,-71.595959480000005
-71.59587651,-16.4394173,1.24.5.74,1,24,5,74,-16.439417299999999,-71.595876509999997
-71.59579862,-16.43944843,1.24.5.75,1,24,5,75,-16.439448429999999,-71.595798619999997
-71.5957267,-16.43946656,1.24.5.76,1,24,5,76,-16.439466560000000,-71.595726700000000
-71.59565478,-16.43950067,1.24.5.77,1,24,5,77,-16.439500670000001,-71.595654780000004
-71.59552458,-16.43957891,1.24.5.78,1,24,5,78,-16.439578910000002,-71.595524580000003
-71.59546322,-16.43961544,1.24.5.79,1,24,5,79,-16.439615440000001,-71.595463219999999
-71.59429159,-16.43923107,1.24.5.8,1,24,5,8,-16.439231070000002,-71.594291589999997
-71.59534965,-16.43962295,1.24.5.80,1,24,5,80,-16.439622950000000,-71.595349650000003
-71.59524282,-16.43960882,1.24.5.81,1,24,5,81,-16.439608820000000,-71.595242819999996
-71.5951563,-16.43960899,1.24.5.82,1,24,5,82,-16.439608990000000,-71.595156299999999
-71.59603956,-16.4391111,1.24.5.83,1,24,5,83,-16.439111100000002,-71.596039559999994
-71.59597091,-16.43915498,1.24.5.84,1,24,5,84,-16.439154980000001,-71.595970910000005
-71.59591394,-16.43919072,1.24.5.85,1,24,5,85,-16.439190719999999,-71.595913940000003
-71.59585263,-16.43923145,1.24.5.86,1,24,5,86,-16.439231450000001,-71.595852629999996
-71.5957721,-16.43925483,1.24.5.87,1,24,5,87,-16.439254829999999,-71.595772100000005
-71.59565157,-16.43928689,1.24.5.88,1,24,5,88,-16.439286890000002,-71.595651570000001
-71.59558009,-16.4393061,1.24.5.89,1,24,5,89,-16.439306100000000,-71.595580089999999
-71.59429292,-16.4394437,1.24.5.9,1,24,5,9,-16.439443700000002,-71.594292920000001
-71.59551132,-16.43934988,1.24.5.90,1,24,5,90,-16.439349880000002,-71.595511320000000
-71.5954206,-16.43936915,1.24.5.91,1,24,5,91,-16.439369150000001,-71.595420599999997
-71.59529945,-16.43939297,1.24.5.92,1,24,5,92,-16.439392970000000,-71.595299449999999
-71.59514983,-16.43938497,1.24.5.93,1,24,5,93,-16.439384969999999,-71.595149829999997
-71.59570241,-16.43914268,1.24.5.94,1,24,5,94,-16.439142680000000,-71.595702410000001
-71.59567274,-16.43908915,1.24.5.95,1,24,5,95,-16.439089150000001,-71.595672739999998
-71.59555806,-16.43909096,1.24.5.96,1,24,5,96,-16.439090960000001,-71.595558060000002
-71.59549572,-16.43910779,1.24.5.97,1,24,5,97,-16.439107790000001,-71.595495720000002
-71.59541662,-16.43912475,1.24.5.98,1,24,5,98,-16.439124750000001,-71.595416619999995
-71.59529197,-16.43914388,1.24.5.99,1,24,5,99,-16.439143880000000,-71.595291970000005
-71.59703722,-16.44017036,1.24.5.188A,1,24,5,188A,-16.440170360000000,-71.597037220000004
-71.59609593,-16.44024056,1.24.5.42E,1,24,5,42E,-16.440240559999999,-71.596095930000004
-71.59605183,-16.44016625,1.24.5.42F,1,24,5,42F,-16.440166250000001,-71.596051829999993
-71.5959906,-16.44010523,1.24.5.44A,1,24,5,44A,-16.440105230000000,-71.595990599999993
-71.59662691,-16.43970109,1.24.5.66A,1,24,5,66A,-16.439701090000000,-71.596626909999998
-71.59612819,-16.44004833,1.24.5.60A,1,24,5,60A,-16.440048330000000,-71.596128190000002
