"","id","occult.prob","","","unicode","unicode"
"1","806","0.96934","223084.107237122","8180567.21656919","1.24.6.24","1.24.6.24"
"2","574","0.959561","222794.704309077","8180569.6883025","1.24.5.42D","1.24.5.42D"
"3","249","0.614637","222111.812354314","8180547.18381673","1.24.4.37","1.24.4.37"
"4","865","0.419077","223002.050169711","8180648.59098493","1.24.6.97","1.24.6.97"
"5","294","0.413078","222794.512022335","8180723.1776675","1.24.5.101","1.24.5.101"
"6","279","0.35529","222128.54327455","8180519.00687043","1.24.4.73","1.24.4.73"
"7","767","0.333247","222800.31277833","8180700.34691679","1.24.5.86","1.24.5.86"
"8","292","0.167312","222982.902734625","8180692.21904797","1.24.5.1","1.24.5.1"
"9","866","0.158586","222996.160110197","8180641.39864697","1.24.6.98","1.24.6.98"
"10","864","0.089762","223009.424895094","8180654.59204296","1.24.6.96","1.24.6.96"
"11","769","0.037243","222821.874264698","8180694.48449899","1.24.5.88","1.24.5.88"
"12","304","0.035941","222802.851159012","8180756.37619117","1.24.5.111","1.24.5.111"
"13","268","0.034403","222097.238364163","8180498.48604571","1.24.4.63","1.24.4.63"
"14","780","0.013259","222860.093465846","8180710.81075829","1.24.5.99","1.24.5.99"
"15","768","0.010897","222808.95041075","8180697.86879645","1.24.5.87","1.24.5.87"
"16","611","0.008501","222536.328484681","8180957.21514189","1.24.5.464","1.24.5.464"
"17","850","0.008462","223035.995773231","8180653.83643888","1.24.6.80","1.24.6.80"
"18","491","0.007828","221885.529971017","8180710.06838701","1.24.5.343","1.24.5.343"
"19","688","0.007574","222443.482626959","8181031.11224594","1.24.5.530","1.24.5.530"
"20","620","0.007484","222529.552538247","8180987.88878199","1.24.5.473","1.24.5.473"
"21","703","0.007161","222584.839993887","8181103.59640714","1.24.5.544","1.24.5.544"
"22","701","0.007147","222569.878869659","8181126.2165307","1.24.5.542","1.24.5.542"
"23","635","0.006889","222502.229659302","8181028.52037801","1.24.5.488","1.24.5.488"
"24","633","0.00681","222532.027435385","8181046.15750281","1.24.5.486","1.24.5.486"
"25","705","0.006808","222598.709133558","8181084.28869131","1.24.5.546","1.24.5.546"
"26","558","0.006804","222615.880428529","8181003.6250159","1.24.5.416","1.24.5.416"
"27","555","0.006654","222588.354867051","8180991.04890484","1.24.5.413","1.24.5.413"
"28","617","0.00661","222563.062680145","8181006.70191314","1.24.5.470","1.24.5.470"
"29","653","0.006571","222516.161598485","8181067.40838405","1.24.5.505","1.24.5.505"
"30","628","0.006568","222587.057836883","8181043.79893994","1.24.5.481","1.24.5.481"
"31","692","0.006556","222470.02747385","8181070.45684887","1.24.5.534","1.24.5.534"
"32","638","0.00653","222487.710276027","8180990.5272871","1.24.5.491","1.24.5.491"
"33","593","0.006505","222598.926097657","8180982.30933445","1.24.5.447","1.24.5.447"
"34","650","0.006476","222474.647619908","8181043.72421395","1.24.5.502","1.24.5.502"
"35","636","0.00647","222493.663673396","8181015.16996987","1.24.5.489","1.24.5.489"
"36","655","0.006467","222542.429617021","8181079.88538059","1.24.5.507","1.24.5.507"
"37","557","0.006461","222606.343250786","8181001.07531117","1.24.5.415","1.24.5.415"
"38","560","0.006454","222630.148514343","8180979.62288938","1.24.5.418","1.24.5.418"
"39","652","0.006439","222503.074963627","8181059.06266855","1.24.5.504","1.24.5.504"
"40","629","0.00643","222574.107692079","8181071.68588954","1.24.5.482","1.24.5.482"
"41","618","0.006417","222551.840634671","8181001.03998078","1.24.5.471","1.24.5.471"
"42","643","0.006413","222456.366658782","8180973.93991288","1.24.5.496","1.24.5.496"
"43","694","0.006397","222503.978293319","8181086.5018436","1.24.5.536","1.24.5.536"
"44","556","0.006391","222596.188540705","8180994.60103351","1.24.5.414","1.24.5.414"
"45","695","0.006389","222524.399696479","8181096.39345319","1.24.5.537","1.24.5.537"
"46","644","0.006385","222457.079239776","8180988.43411795","1.24.5.497","1.24.5.497"
"47","706","0.006375","222662.226141123","8180973.24999028","1.24.5.547","1.24.5.547"
"48","559","0.006355","222623.053102192","8180992.2362511","1.24.5.417","1.24.5.417"
"49","683","0.006341","222436.938535667","8180971.42586142","1.24.5.526","1.24.5.526"
"50","637","0.006324","222490.729051554","8181000.94510696","1.24.5.490","1.24.5.490"
"51","648","0.006312","222463.923930175","8181023.38980139","1.24.5.500","1.24.5.500"
"52","640","0.006299","222486.531915983","8180967.53163014","1.24.5.493","1.24.5.493"
"53","639","0.006297","222486.170185044","8180980.30341589","1.24.5.492","1.24.5.492"
"54","697","0.006291","222515.230991502","8181115.1635293","1.24.5.539","1.24.5.539"
"55","689","0.006286","222443.584939008","8181044.27977686","1.24.5.531","1.24.5.531"
"56","624","0.006272","222548.108624685","8181022.4477751","1.24.5.477","1.24.5.477"
"57","632","0.006269","222540.144282259","8181049.9624361","1.24.5.485","1.24.5.485"
"58","615","0.006267","222586.322606641","8181019.65736841","1.24.5.468","1.24.5.468"
"59","630","0.006256","222557.903288624","8181062.3755601","1.24.5.483","1.24.5.483"
"60","682","0.006228","222441.892017243","8180954.02127379","1.24.5.525","1.24.5.525"
"61","699","0.006217","222483.856617827","8181114.1028843","1.24.5.540","1.24.5.540"
"62","619","0.006215","222541.943086365","8180993.5147945","1.24.5.472","1.24.5.472"
"63","641","0.006215","222471.625588978","8180964.4146034","1.24.5.494","1.24.5.494"
"64","613","0.006208","222557.417345126","8180968.71430042","1.24.5.466","1.24.5.466"
"65","621","0.006206","222509.397555268","8180985.71981248","1.24.5.474","1.24.5.474"
"66","696","0.006204","222540.75364056","8181106.37677028","1.24.5.538","1.24.5.538"
"67","649","0.006182","222465.234537408","8181033.17554488","1.24.5.501","1.24.5.501"
"68","592","0.006146","222603.633210207","8180973.51330474","1.24.5.446","1.24.5.446"
"69","657","0.006108","222562.358439836","8181093.85004761","1.24.5.509","1.24.5.509"
"70","642","0.006105","222459.279433434","8180962.40677939","1.24.5.495","1.24.5.495"
"71","626","0.006096","222571.975069368","8181035.94144488","1.24.5.479","1.24.5.479"
"72","631","0.006095","222549.616774436","8181056.13674996","1.24.5.484","1.24.5.484"
"73","690","0.006047","222447.768109504","8181056.56291744","1.24.5.532","1.24.5.532"
"74","686","0.006045","222441.18544456","8181019.01278442","1.24.5.529","1.24.5.529"
"75","616","0.006043","222573.500828423","8181013.32379934","1.24.5.469","1.24.5.469"
"76","622","0.006042","222521.597762274","8181009.99644639","1.24.5.475","1.24.5.475"
"77","645","0.006032","222459.5680678","8180998.67571557","1.24.5.498","1.24.5.498"
"78","646","0.006008","222460.703350967","8181009.63076891","1.24.5.499","1.24.5.499"
"79","623","0.005984","222535.394809651","8181016.528604","1.24.5.476","1.24.5.476"
"80","591","0.005948","222608.893093374","8180965.02888755","1.24.5.445","1.24.5.445"
"81","693","0.005929","222486.39452917","8181077.16931548","1.24.5.535","1.24.5.535"
"82","656","0.005926","222550.632359182","8181088.23812529","1.24.5.508","1.24.5.508"
"83","685","0.00591","222440.040301008","8181002.00379954","1.24.5.528","1.24.5.528"
"84","561","0.005904","222635.058293449","8180970.68882507","1.24.5.419","1.24.5.419"
"85","654","0.005903","222527.896234038","8181073.93398926","1.24.5.506","1.24.5.506"
"86","634","0.005866","222515.233352364","8181038.24698594","1.24.5.487","1.24.5.487"
"87","691","0.005849","222459.06559365","8181064.17367454","1.24.5.533","1.24.5.533"
"88","612","0.005829","222544.044109937","8180961.38699172","1.24.5.465","1.24.5.465"
"89","562","0.005825","222639.364285796","8180962.58636904","1.24.5.420","1.24.5.420"
"90","651","0.005823","222489.424420044","8181051.43943532","1.24.5.503","1.24.5.503"
"91","627","0.005745","222577.886743288","8181040.53526492","1.24.5.480","1.24.5.480"
"92","666","0.005726","222330.472423755","8180829.15277978","1.24.5.510G","1.24.5.510G"
"93","704","0.005721","222590.884551336","8181097.84056738","1.24.5.545","1.24.5.545"
"94","594","0.005707","222570.31027798","8180978.90896529","1.24.5.448","1.24.5.448"
"95","684","0.005605","222437.204681577","8180986.89654126","1.24.5.527","1.24.5.527"
"96","700","0.005582","222564.878776199","8181143.01371694","1.24.5.541","1.24.5.541"
"97","590","0.005488","222617.666123502","8180949.76617648","1.24.5.444","1.24.5.444"
"98","614","0.005454","222597.645040363","8181027.82314348","1.24.5.467","1.24.5.467"
"99","609","0.005445","222507.095532556","8180949.19692273","1.24.5.462","1.24.5.462"
"100","625","0.005445","222560.13778899","8181031.50186949","1.24.5.478","1.24.5.478"
"101","702","0.005222","222575.146118666","8181118.74320545","1.24.5.543","1.24.5.543"
"102","605","0.005196","222469.457195893","8180941.62215641","1.24.5.459","1.24.5.459"
"103","608","0.005137","222494.211188532","8180946.9075871","1.24.5.461","1.24.5.461"
"104","563","0.005081","222642.106653961","8180954.58011215","1.24.5.421","1.24.5.421"
"105","681","0.005078","222445.384757242","8180931.61491334","1.24.5.524","1.24.5.524"
"106","610","0.005035","222521.985215311","8180954.69115995","1.24.5.463","1.24.5.463"
"107","607","0.004962","222480.379424479","8180941.6683152","1.24.5.460","1.24.5.460"
"108","595","0.004954","222582.785344643","8180954.97796621","1.24.5.449","1.24.5.449"
"109","604","0.004806","222462.208293511","8180938.22254727","1.24.5.458","1.24.5.458"
"110","707","0.004801","222669.483058314","8180958.70861071","1.24.5.548","1.24.5.548"
"111","589","0.004765","222621.168556448","8180939.660207","1.24.5.443","1.24.5.443"
"112","596","0.004696","222568.822570249","8180947.87232199","1.24.5.450","1.24.5.450"
"113","823","0.004511","223018.544203857","8180572.19840518","1.24.6.52","1.24.6.52"
"114","564","0.004467","222646.747068745","8180947.98127797","1.24.5.422","1.24.5.422"
"115","565","0.003915","222649.304715418","8180940.04573377","1.24.5.423","1.24.5.423"
"116","597","0.003618","222554.825427564","8180940.78062132","1.24.5.451","1.24.5.451"
"117","598","0.003246","222544.214369716","8180935.72669928","1.24.5.452","1.24.5.452"
"118","680","0.003208","222449.094204038","8180913.30294093","1.24.5.523","1.24.5.523"
"119","567","0.003025","222650.743376015","8180926.03981852","1.24.5.425","1.24.5.425"
"120","566","0.002771","222650.480078192","8180932.89858592","1.24.5.424","1.24.5.424"
"121","602","0.002766","222486.183907469","8180920.65588258","1.24.5.456","1.24.5.456"
"122","296","0.002709","222806.710370192","8180737.19465875","1.24.5.103","1.24.5.103"
"123","851","0.002706","223025.703388179","8180641.93688287","1.24.6.81","1.24.6.81"
"124","600","0.002635","222514.816126271","8180926.43514332","1.24.5.454","1.24.5.454"
"125","599","0.002561","222530.291638439","8180931.41313105","1.24.5.453","1.24.5.453"
"126","601","0.002534","222500.667505148","8180923.56815469","1.24.5.455","1.24.5.455"
"127","708","0.002529","222674.435321372","8180940.13464051","1.24.5.549","1.24.5.549"
"128","783","0.002507","222983.138931714","8180626.79319437","1.24.6.100","1.24.6.100"
"129","603","0.002498","222471.541449429","8180914.71964198","1.24.5.457","1.24.5.457"
"130","588","0.002444","222621.319130586","8180923.01891063","1.24.5.442","1.24.5.442"
"131","791","0.002256","222977.188164982","8180659.67217688","1.24.6.108","1.24.6.108"
"132","709","0.002095","222674.606339635","8180929.05796369","1.24.5.550","1.24.5.550"
"133","568","0.002054","222650.803673999","8180920.01005307","1.24.5.426","1.24.5.426"
"134","295","0.001831","222799.351182665","8180729.56705533","1.24.5.102","1.24.5.102"
"135","679","0.001774","222453.20674924","8180902.46180149","1.24.5.522","1.24.5.522"
"136","415","0.001664","222502.191272232","8180602.66207664","1.24.5.263","1.24.5.263"
"137","867","0.001637","222988.710309868","8180634.33579708","1.24.6.99","1.24.6.99"
"138","569","0.001579","222650.24292689","8180914.90801295","1.24.5.427","1.24.5.427"
"139","811","0.001567","223090.596157827","8180578.29442981","1.24.6.37","1.24.6.37"
"140","770","0.001505","222829.538999567","8180692.45564698","1.24.5.89","1.24.5.89"
"141","416","0.00135","222492.965796674","8180600.23699381","1.24.5.264","1.24.5.264"
"142","405","0.001326","222548.396907511","8180655.79304192","1.24.5.232","1.24.5.232"
"143","710","0.001173","222674.884528265","8180913.46141948","1.24.5.551","1.24.5.551"
"144","333","0.001125","222784.252503593","8180769.52189449","1.24.5.145","1.24.5.145"
"145","766","0.001105","222793.704104209","8180704.77228958","1.24.5.85","1.24.5.85"
"146","790","0.001061","222968.985523266","8180654.31603053","1.24.6.107","1.24.6.107"
"147","254","0.00105","222082.304136941","8180532.53505058","1.24.4.41","1.24.4.41"
"148","248","0.000964","222113.102394621","8180539.19435335","1.24.4.36","1.24.4.36"
"149","775","0.000956","222816.237302272","8180710.38102184","1.24.5.94","1.24.5.94"
"150","809","0.000798","223073.82727101","8180593.61532812","1.24.6.27","1.24.6.27"
"151","270","0.000713","222112.467410713","8180513.70632461","1.24.4.65","1.24.4.65"
"152","570","0.000708","222645.658445614","8180906.49322616","1.24.5.428","1.24.5.428"
"153","245","0.00069","222161.843800168","8180543.8176653","1.24.4.28","1.24.4.28"
"154","269","0.000682","222096.406769234","8180508.80128132","1.24.4.64","1.24.4.64"
"155","807","0.000668","223065.726191004","8180581.5877452","1.24.6.25","1.24.6.25"
"156","808","0.000654","223069.526997557","8180587.53411075","1.24.6.26","1.24.6.26"
"157","759","0.000633","222955.098852286","8180708.45367249","1.24.5.7","1.24.5.7"
"158","776","0.000628","222819.331430807","8180716.34826947","1.24.5.95","1.24.5.95"
"159","814","0.000623","223095.80949073","8180555.7451369","1.24.6.4","1.24.6.4"
"160","247","0.000605","222115.105373713","8180530.86081984","1.24.4.35","1.24.4.35"
"161","443","0.000578","222515.113718535","8180605.79571996","1.24.5.296","1.24.5.296"
"162","763","0.000578","222967.105228075","8180702.52838122","1.24.5.8","1.24.5.8"
"163","278","0.000577","222128.70341335","8180505.56030472","1.24.4.72","1.24.4.72"
"164","572","0.000576","222815.16779229","8180590.67460667","1.24.5.42B","1.24.5.42B"
"165","810","0.000569","223100.627789205","8180563.09756024","1.24.6.3","1.24.6.3"
"166","289","0.000552","222269.790273492","8180502.48464231","1.24.4.97","1.24.4.97"
"167","789","0.000545","222961.27178735","8180646.66843709","1.24.6.106","1.24.6.106"
"168","800","0.000539","223047.038532472","8180540.7678247","1.24.6.17","1.24.6.17"
"169","293","0.000526","222878.283246485","8180709.45506136","1.24.5.100","1.24.5.100"
"170","417","0.000523","222486.341236777","8180594.49784268","1.24.5.265","1.24.5.265"
"171","575","0.000519","222798.35105631","8180594.54821105","1.24.5.43","1.24.5.43"
"172","388","0.00051","222896.120285605","8180732.43508803","1.24.5.2","1.24.5.2"
"173","771","0.00051","222836.949074349","8180687.7028097","1.24.5.90","1.24.5.90"
"174","291","0.000508","222265.58502417","8180529.92465552","1.24.4.99","1.24.4.99"
"175","271","0.000496","222114.632477405","8180507.55965535","1.24.4.66","1.24.4.66"
"176","848","0.000493","222990.619002278","8180602.99179137","1.24.6.79","1.24.6.79"
"177","765","0.000487","222787.56623393","8180708.6511426","1.24.5.84","1.24.5.84"
"178","735","0.000484","222854.573393264","8180866.22378161","1.24.5.574","1.24.5.574"
"179","290","0.000483","222269.539851952","8180514.06638559","1.24.4.98","1.24.4.98"
"180","280","0.000481","222145.049903593","8180523.30305104","1.24.4.74","1.24.4.74"
"181","447","0.000476","222911.49447938","8180730.4729724","1.24.5.3","1.24.5.3"
"182","549","0.000466","222923.366350555","8180726.12170953","1.24.5.4","1.24.5.4"
"183","781","0.000454","223108.848226439","8180578.40324854","1.24.6.1","1.24.6.1"
"184","832","0.000453","223109.950412976","8180534.43200021","1.24.6.5A","1.24.6.5A"
"185","251","0.000443","222096.091510099","8180526.41277005","1.24.4.39","1.24.4.39"
"186","716","0.00044","222777.42114358","8180812.53938657","1.24.5.557","1.24.5.557"
"187","241","0.000438","222185.164787266","8180549.80930524","1.24.4.24","1.24.4.24"
"188","236","0.000432","222262.204865422","8180547.71486594","1.24.4.14","1.24.4.14"
"189","838","0.000428","222975.441768343","8180550.76810344","1.24.6.64","1.24.6.64"
"190","196","0.000424","222274.199916746","8180526.97362361","1.24.4.100","1.24.4.100"
"191","209","0.000424","222339.877856268","8180505.68554788","1.24.4.111B","1.24.4.111B"
"192","571","0.000422","222645.031238391","8180900.40812743","1.24.5.429","1.24.5.429"
"193","259","0.000419","222049.002929912","8180503.54833113","1.24.4.46","1.24.4.46"
"194","378","0.000416","222892.624111749","8180684.99200951","1.24.5.19","1.24.5.19"
"195","821","0.000414","223109.608594988","8180537.08853381","1.24.6.5","1.24.6.5"
"196","238","0.000409","222250.535797474","8180554.15460419","1.24.4.15","1.24.4.15"
"197","213","0.000407","222346.256747907","8180539.59667102","1.24.4.119","1.24.4.119"
"198","255","0.000404","222072.715482571","8180527.60916215","1.24.4.42","1.24.4.42"
"199","281","0.000404","222148.48210196","8180515.84830121","1.24.4.75","1.24.4.75"
"200","277","4e-04","222130.894832825","8180490.3858432","1.24.4.71","1.24.4.71"
"201","239","0.000396","222240.724761705","8180557.46231498","1.24.4.16","1.24.4.16"
"202","272","0.000395","222116.52766535","8180494.81199122","1.24.4.67","1.24.4.67"
"203","253","0.000393","222082.271189298","8180522.63612497","1.24.4.40","1.24.4.40"
"204","764","0.000389","222780.168818842","8180713.41520157","1.24.5.83","1.24.5.83"
"205","773","0.000388","222859.648011963","8180683.22250547","1.24.5.92","1.24.5.92"
"206","774","0.000388","222875.62313977","8180684.31329232","1.24.5.93","1.24.5.93"
"207","204","0.000387","222309.534031913","8180534.6731597","1.24.4.108","1.24.4.108"
"208","198","0.000381","222290.479867892","8180529.36879781","1.24.4.102","1.24.4.102"
"209","786","0.00038","222942.923600158","8180628.54973654","1.24.6.103","1.24.6.103"
"210","818","0.00038","223072.056044918","8180610.65990969","1.24.6.43","1.24.6.43"
"211","728","0.000377","222825.96542832","8180769.84113144","1.24.5.568","1.24.5.568"
"212","299","0.000375","222843.906773465","8180734.04091118","1.24.5.106","1.24.5.106"
"213","250","0.000372","222095.437342198","8180537.72246355","1.24.4.38","1.24.4.38"
"214","256","0.000372","222061.641717643","8180524.56989182","1.24.4.43","1.24.4.43"
"215","803","0.000372","223104.183373977","8180573.75246632","1.24.6.2","1.24.6.2"
"216","297","0.000369","222816.733623318","8180747.66131065","1.24.5.104","1.24.5.104"
"217","210","0.000366","222362.694667946","8180520.63772659","1.24.4.116","1.24.4.116"
"218","389","0.000361","222899.925149409","8180684.23965232","1.24.5.20","1.24.5.20"
"219","403","0.000358","222534.707552007","8180680.08601262","1.24.5.228","1.24.5.228"
"220","402","0.000356","222530.073585129","8180668.70953497","1.24.5.227","1.24.5.227"
"221","843","0.000355","223035.763105128","8180628.05590131","1.24.6.71","1.24.6.71"
"222","302","0.000354","222879.066354913","8180730.8000728","1.24.5.109","1.24.5.109"
"223","837","0.00035","222968.701571889","8180541.45649066","1.24.6.63","1.24.6.63"
"224","802","0.000349","223074.824230651","8180538.76762766","1.24.6.19","1.24.6.19"
"225","606","0.000348","222804.247998155","8180629.09957498","1.24.5.46","1.24.5.46"
"226","749","0.000347","222943.230195059","8180717.13908704","1.24.5.6","1.24.5.6"
"227","849","0.000346","223081.881974833","8180523.31007108","1.24.6.8","1.24.6.8"
"228","647","0.000345","222933.6913429","8180722.56227759","1.24.5.5","1.24.5.5"
"229","788","0.000344","222954.900679826","8180638.98933504","1.24.6.105","1.24.6.105"
"230","854","0.000344","223000.025198279","8180615.07711291","1.24.6.84","1.24.6.84"
"231","203","0.000342","222303.323782396","8180528.54837697","1.24.4.107","1.24.4.107"
"232","197","0.00034","222281.624008748","8180526.79112566","1.24.4.101","1.24.4.101"
"233","772","0.000339","222846.669631949","8180685.69368211","1.24.5.91","1.24.5.91"
"234","819","0.000339","223057.037747675","8180591.20426578","1.24.6.44","1.24.6.44"
"235","286","0.000332","222164.82109368","8180524.62038585","1.24.4.82","1.24.4.82"
"236","737","0.000332","222879.279877227","8180870.79171862","1.24.5.576","1.24.5.576"
"237","797","0.000328","223016.424237069","8180490.41918219","1.24.6.12","1.24.6.12"
"238","715","0.000327","222762.631548078","8180805.74659415","1.24.5.556","1.24.5.556"
"239","743","0.000325","222878.708009781","8180818.64344579","1.24.5.581","1.24.5.581"
"240","816","0.000324","223058.574270806","8180605.05673824","1.24.6.41","1.24.6.41"
"241","855","0.000323","222985.244411229","8180585.7703134","1.24.6.85","1.24.6.85"
"242","726","0.000322","222854.445551695","8180756.47112959","1.24.5.566","1.24.5.566"
"243","282","0.000321","222148.864185872","8180505.16850839","1.24.4.76","1.24.4.76"
"244","738","0.000321","222888.707134089","8180863.16019653","1.24.5.577","1.24.5.577"
"245","275","0.000319","222328.479052975","8180566.67731185","1.24.4.7","1.24.4.7"
"246","288","0.000318","222312.695107426","8180557.36769163","1.24.4.9","1.24.4.9"
"247","283","0.000317","222149.910557008","8180494.18831227","1.24.4.77","1.24.4.77"
"248","784","0.000314","222976.167776038","8180617.90605732","1.24.6.101","1.24.6.101"
"249","205","0.000313","222317.135543632","8180538.47934259","1.24.4.109","1.24.4.109"
"250","303","0.000311","222880.307754086","8180723.91399516","1.24.5.110","1.24.5.110"
"251","853","0.000306","223007.92763703","8180623.00948127","1.24.6.83","1.24.6.83"
"252","573","0.000305","222840.669744466","8180560.28550087","1.24.5.42C","1.24.5.42C"
"253","746","0.000302","222861.8932909","8180796.0209087","1.24.5.584","1.24.5.584"
"254","761","0.000302","222789.117631579","8180682.9377412","1.24.5.73","1.24.5.73"
"255","817","0.000302","223078.492924109","8180626.13210008","1.24.6.42","1.24.6.42"
"256","778","0.000299","222838.272044037","8180714.52719217","1.24.5.97","1.24.5.97"
"257","842","0.000298","223086.916300656","8180532.64960515","1.24.6.7","1.24.6.7"
"258","214","0.000297","222280.995967932","8180547.88003954","1.24.4.12","1.24.4.12"
"259","298","0.000296","222831.743664784","8180740.93304745","1.24.5.105","1.24.5.105"
"260","833","0.000295","223102.582650009","8180515.2172889","1.24.6.6","1.24.6.6"
"261","836","0.000295","222963.525838646","8180534.73062503","1.24.6.62","1.24.6.62"
"262","779","0.00029","222846.747765017","8180712.75788684","1.24.5.98","1.24.5.98"
"263","721","0.000288","222836.729781608","8180781.93508973","1.24.5.561","1.24.5.561"
"264","844","0.000287","223048.608305341","8180642.7199637","1.24.6.72","1.24.6.72"
"265","831","0.000286","222956.027770435","8180510.10374956","1.24.6.59A","1.24.6.59A"
"266","202","0.000285","222305.356327022","8180516.49567287","1.24.4.106","1.24.4.106"
"267","785","0.000284","222964.447968841","8180605.07128933","1.24.6.102","1.24.6.102"
"268","828","0.000284","222984.672964111","8180527.32911019","1.24.6.57","1.24.6.57"
"269","805","0.000281","223059.951763327","8180521.19520121","1.24.6.21","1.24.6.21"
"270","276","0.00028","222131.296322593","8180477.86590218","1.24.4.70","1.24.4.70"
"271","747","0.000279","222856.407719975","8180786.70321402","1.24.5.585","1.24.5.585"
"272","812","0.000278","223049.681058891","8180578.0456672","1.24.6.38","1.24.6.38"
"273","410","0.000277","222538.33571369","8180598.78446154","1.24.5.249","1.24.5.249"
"274","411","0.000274","222531.662224353","8180593.11003047","1.24.5.250","1.24.5.250"
"275","762","0.000274","222798.025271492","8180679.73778763","1.24.5.74","1.24.5.74"
"276","444","0.000273","222522.33851013","8180613.22682653","1.24.5.297","1.24.5.297"
"277","804","0.000273","223066.618369488","8180531.24774868","1.24.6.20","1.24.6.20"
"278","859","0.000272","222955.886598393","8180556.44265993","1.24.6.89","1.24.6.89"
"279","729","0.00027","222811.257040429","8180780.87635829","1.24.5.569","1.24.5.569"
"280","847","0.000269","223052.232982232","8180615.55709922","1.24.6.75","1.24.6.75"
"281","739","0.000266","222894.57770561","8180852.71029842","1.24.5.578","1.24.5.578"
"282","300","0.000265","222853.325478794","8180733.32126929","1.24.5.107","1.24.5.107"
"283","792","0.000265","223059.308796383","8180472.9040134","1.24.6.11","1.24.6.11"
"284","824","0.000264","223012.516520605","8180562.57260502","1.24.6.53","1.24.6.53"
"285","863","0.000263","222976.708213365","8180598.17812771","1.24.6.93","1.24.6.93"
"286","815","0.000262","223053.916432568","8180599.27544974","1.24.6.40","1.24.6.40"
"287","841","0.00026","222999.730701062","8180581.87111856","1.24.6.67","1.24.6.67"
"288","225","0.000259","222271.451311856","8180545.59691978","1.24.4.13","1.24.4.13"
"289","301","0.000259","222864.450739","8180730.19181252","1.24.5.108","1.24.5.108"
"290","860","0.000259","223078.041476538","8180511.79110951","1.24.6.9","1.24.6.9"
"291","845","0.000256","223069.832882054","8180638.70113469","1.24.6.73","1.24.6.73"
"292","827","0.000254","222989.944287266","8180535.85117988","1.24.6.56","1.24.6.56"
"293","211","0.000253","222357.011705249","8180527.6150999","1.24.4.117","1.24.4.117"
"294","727","0.000251","222840.501427143","8180761.16341066","1.24.5.567","1.24.5.567"
"295","801","0.00025","223053.698562756","8180556.58505575","1.24.6.18","1.24.6.18"
"296","794","0.000249","222927.971710018","8180575.3433657","1.24.6.116","1.24.6.116"
"297","796","0.000248","223071.280157796","8180487.61999188","1.24.6.11A","1.24.6.11A"
"298","852","0.000247","223016.75049929","8180631.16736143","1.24.6.82","1.24.6.82"
"299","401","0.000244","222524.325170092","8180659.40163917","1.24.5.226","1.24.5.226"
"300","285","0.000243","222321.844701312","8180563.36636535","1.24.4.8","1.24.4.8"
"301","840","0.000243","222989.948245302","8180571.54494826","1.24.6.66","1.24.6.66"
"302","825","0.000242","223004.531531802","8180554.24607355","1.24.6.54","1.24.6.54"
"303","720","0.000241","222829.052377602","8180785.69897644","1.24.5.560","1.24.5.560"
"304","199","0.00024","222291.553718748","8180517.32591614","1.24.4.103","1.24.4.103"
"305","215","0.00024","222338.252405605","8180547.67590306","1.24.4.120","1.24.4.120"
"306","305","0.000237","222788.225410068","8180742.39670875","1.24.5.112","1.24.5.112"
"307","724","0.000236","222868.162907752","8180765.04177032","1.24.5.564","1.24.5.564"
"308","798","0.000232","222913.808893926","8180606.09503219","1.24.6.120","1.24.6.120"
"309","265","0.000231","222099.864249315","8180469.72680475","1.24.4.60","1.24.4.60"
"310","267","0.000229","222100.056897169","8180483.1613019","1.24.4.62","1.24.4.62"
"311","787","0.000229","222948.678571878","8180634.44146015","1.24.6.104","1.24.6.104"
"312","195","0.000228","222304.504506012","8180553.58161915","1.24.4.10","1.24.4.10"
"313","206","0.000227","222296.040419638","8180550.78641614","1.24.4.11","1.24.4.11"
"314","731","0.000223","222808.597738097","8180835.80801348","1.24.5.570","1.24.5.570"
"315","822","0.000223","222982.849996648","8180491.40161973","1.24.6.50","1.24.6.50"
"316","266","0.000222","222099.800101027","8180475.62698764","1.24.4.61","1.24.4.61"
"317","261","0.00022","222049.098864508","8180482.38831463","1.24.4.48","1.24.4.48"
"318","740","0.000219","222891.464194642","8180841.25156171","1.24.5.579","1.24.5.579"
"319","207","0.000218","222326.118783285","8180542.9532893","1.24.4.110","1.24.4.110"
"320","830","0.000218","222960.449572032","8180504.53853489","1.24.6.59","1.24.6.59"
"321","751","0.000216","222772.030457761","8180609.52820369","1.24.5.60A","1.24.5.60A"
"322","262","0.000215","222049.252091585","8180472.05770458","1.24.4.49","1.24.4.49"
"323","418","0.000215","222475.39740344","8180589.1594247","1.24.5.266","1.24.5.266"
"324","723","0.000215","222859.223874899","8180769.18812275","1.24.5.563","1.24.5.563"
"325","201","0.000212","222306.745800374","8180504.83888028","1.24.4.105","1.24.4.105"
"326","242","0.000207","222182.764081015","8180564.14281995","1.24.4.25","1.24.4.25"
"327","257","0.000205","222029.91947343","8180502.6007285","1.24.4.44","1.24.4.44"
"328","834","0.000202","222946.662099426","8180515.27889572","1.24.6.60","1.24.6.60"
"329","862","0.000202","222939.025984686","8180533.74648474","1.24.6.91","1.24.6.91"
"330","856","2e-04","222977.099781525","8180578.80927892","1.24.6.86","1.24.6.86"
"331","718","0.000199","222813.045047551","8180798.77385884","1.24.5.559","1.24.5.559"
"332","736","0.000199","222867.159032403","8180870.30184411","1.24.5.575","1.24.5.575"
"333","284","0.000197","222150.168873983","8180486.89981205","1.24.4.78","1.24.4.78"
"334","734","0.000197","222842.969228868","8180861.61127864","1.24.5.573","1.24.5.573"
"335","273","0.000196","222117.750653994","8180484.89046694","1.24.4.68","1.24.4.68"
"336","722","0.000195","222846.227355462","8180776.40177863","1.24.5.562","1.24.5.562"
"337","260","0.000194","222049.406360228","8180489.88452775","1.24.4.47","1.24.4.47"
"338","777","0.000194","222831.587269303","8180716.30507509","1.24.5.96","1.24.5.96"
"339","208","0.000193","222325.836096277","8180512.98401424","1.24.4.111","1.24.4.111"
"340","244","0.000193","222162.555881837","8180560.98945726","1.24.4.27","1.24.4.27"
"341","793","0.000193","222949.588634196","8180590.89292098","1.24.6.113","1.24.6.113"
"342","839","0.000191","222983.483750949","8180561.14947817","1.24.6.65","1.24.6.65"
"343","813","0.00019","223047.065127135","8180592.12506231","1.24.6.39","1.24.6.39"
"344","846","0.00019","223062.386970327","8180629.08264455","1.24.6.74","1.24.6.74"
"345","258","0.000188","222038.448983604","8180504.29508345","1.24.4.45","1.24.4.45"
"346","857","0.000188","222969.43236727","8180568.38509065","1.24.6.87","1.24.6.87"
"347","826","0.000187","222999.606260798","8180544.65433512","1.24.6.55","1.24.6.55"
"348","413","0.000183","222546.254353421","8180582.64488066","1.24.5.252","1.24.5.252"
"349","419","0.000181","222465.153092625","8180583.68935535","1.24.5.267","1.24.5.267"
"350","439","0.000181","222490.093579633","8180623.09093548","1.24.5.292","1.24.5.292"
"351","835","0.000181","222958.424159318","8180527.64693187","1.24.6.61","1.24.6.61"
"352","732","0.00018","222820.911528469","8180843.41500998","1.24.5.571","1.24.5.571"
"353","264","0.000176","222331.857908012","8180570.26864791","1.24.4.6","1.24.4.6"
"354","861","0.000175","222948.920194173","8180548.52116221","1.24.6.90","1.24.6.90"
"355","306","0.000173","222777.188513371","8180732.64123033","1.24.5.113","1.24.5.113"
"356","446","0.000173","222536.417226845","8180626.59600856","1.24.5.299","1.24.5.299"
"357","274","0.000171","222117.995870285","8180476.12903646","1.24.4.69","1.24.4.69"
"358","400","0.000171","222519.140414518","8180653.05202855","1.24.5.225","1.24.5.225"
"359","287","0.000169","222191.124366662","8180533.54274474","1.24.4.83","1.24.4.83"
"360","820","0.000167","223017.25223146","8180520.02211621","1.24.6.49","1.24.6.49"
"361","745","0.000164","222866.147099838","8180802.97525779","1.24.5.583","1.24.5.583"
"362","200","0.000163","222291.467310494","8180506.2580782","1.24.4.104","1.24.4.104"
"363","440","0.000163","222481.553765751","8180616.53765145","1.24.5.293","1.24.5.293"
"364","799","0.000162","222921.750762717","8180611.95058889","1.24.6.121","1.24.6.121"
"365","717","0.00016","222790.949135407","8180824.04318413","1.24.5.558","1.24.5.558"
"366","438","0.000157","222497.024039279","8180630.39092646","1.24.5.291","1.24.5.291"
"367","733","0.000156","222833.682085262","8180851.48740026","1.24.5.572","1.24.5.572"
"368","445","0.000154","222530.211414901","8180619.53677221","1.24.5.298","1.24.5.298"
"369","725","0.000146","222887.353052861","8180757.8488555","1.24.5.565","1.24.5.565"
"370","829","0.000146","222976.401179277","8180518.95237866","1.24.6.58","1.24.6.58"
"371","795","0.000144","222906.517467744","8180597.76849841","1.24.6.119","1.24.6.119"
"372","404","0.00014","222539.060761532","8180696.1827733","1.24.5.229","1.24.5.229"
"373","744","0.000139","222871.6448622","8180810.2600433","1.24.5.582","1.24.5.582"
"374","212","0.000138","222352.795827333","8180532.36011262","1.24.4.118","1.24.4.118"
"375","782","0.000136","223072.883478063","8180500.42910789","1.24.6.10","1.24.6.10"
"376","742","0.000134","222885.014078007","8180828.98043446","1.24.5.580","1.24.5.580"
"377","433","0.000129","222477.840067007","8180644.75025355","1.24.5.286","1.24.5.286"
"378","858","0.000129","222962.132810949","8180562.85891387","1.24.6.88","1.24.6.88"
"379","437","0.000126","222502.955456717","8180635.35046336","1.24.5.290","1.24.5.290"
"380","412","0.000124","222539.48605614","8180588.09684317","1.24.5.251","1.24.5.251"
"381","442","0.000119","222461.467589948","8180609.03985774","1.24.5.295","1.24.5.295"
"382","332","0.000111","222767.970857031","8180769.74373552","1.24.5.144","1.24.5.144"
"383","750","0.000108","222766.300997951","8180613.22736359","1.24.5.60","1.24.5.60"
"384","414","0.000104","222545.83020965","8180554.84532591","1.24.5.254","1.24.5.254"
"385","760","0.000104","222762.146088351","8180695.58841654","1.24.5.70","1.24.5.70"
"386","436","0.000103","222509.480651219","8180643.50232086","1.24.5.289","1.24.5.289"
"387","441","9.8e-05","222471.917103034","8180612.51271507","1.24.5.294","1.24.5.294"
"388","452","9.6e-05","222516.223908695","8180706.39808624","1.24.5.304","1.24.5.304"
"389","756","9.6e-05","222755.622805331","8180617.57945941","1.24.5.65","1.24.5.65"
"390","448","9.4e-05","222495.423579138","8180671.95966707","1.24.5.300","1.24.5.300"
"391","754","9.1e-05","222734.340885445","8180622.89504562","1.24.5.63","1.24.5.63"
"392","309","8.3e-05","222748.121330051","8180750.78395714","1.24.5.121","1.24.5.121"
"393","397","8.3e-05","222569.333944993","8180727.44181296","1.24.5.220","1.24.5.220"
"394","451","8.3e-05","222510.468600658","8180696.2950326","1.24.5.303","1.24.5.303"
"395","243","8.2e-05","222173.809176878","8180562.20276439","1.24.4.26","1.24.4.26"
"396","434","8e-05","222484.562145953","8180650.55266835","1.24.5.287","1.24.5.287"
"397","730","7.9e-05","222752.602116939","8180674.00914927","1.24.5.57","1.24.5.57"
"398","676","7.6e-05","222781.612324816","8180643.30965315","1.24.5.52","1.24.5.52"
"399","713","7.6e-05","222767.761276759","8180795.65485088","1.24.5.554","1.24.5.554"
"400","396","7.5e-05","222591.151049174","8180723.07115024","1.24.5.218","1.24.5.218"
"401","310","7.3e-05","222756.293428581","8180751.35833354","1.24.5.122","1.24.5.122"
"402","453","7.2e-05","222520.304235336","8180714.11989421","1.24.5.305","1.24.5.305"
"403","450","7e-05","222506.687909308","8180689.12409367","1.24.5.302","1.24.5.302"
"404","658","6.8e-05","222785.405680125","8180653.58011834","1.24.5.51","1.24.5.51"
"405","340","6.7e-05","222596.704195801","8180745.17729841","1.24.5.152","1.24.5.152"
"406","409","6.7e-05","222547.700906922","8180605.391508","1.24.5.248","1.24.5.248"
"407","748","6.6e-05","222772.618732993","8180664.20146174","1.24.5.59","1.24.5.59"
"408","358","6.5e-05","222652.450722817","8180676.48308295","1.24.5.170","1.24.5.170"
"409","430","6.5e-05","222454.068674585","8180636.70792334","1.24.5.283","1.24.5.283"
"410","399","6.4e-05","222557.950627278","8180729.85690221","1.24.5.222","1.24.5.222"
"411","525","6.2e-05","222486.500349645","8180897.09917813","1.24.5.376","1.24.5.376"
"412","408","5.9e-05","222554.86806928","8180612.90048259","1.24.5.247","1.24.5.247"
"413","665","5.9e-05","222361.187780662","8180811.61085689","1.24.5.510F","1.24.5.510F"
"414","461","5.3e-05","222509.493354831","8180738.36234771","1.24.5.313","1.24.5.313"
"415","435","5e-05","222489.047351774","8180658.03385852","1.24.5.288","1.24.5.288"
"416","356","4.9e-05","222662.541186538","8180661.47757744","1.24.5.168","1.24.5.168"
"417","449","4.9e-05","222500.328095261","8180679.57690492","1.24.5.301","1.24.5.301"
"418","468","4.9e-05","222465.599864336","8180721.85734897","1.24.5.320","1.24.5.320"
"419","752","4.8e-05","222730.417927907","8180603.82403191","1.24.5.61","1.24.5.61"
"420","456","4.7e-05","222545.602971532","8180731.22202914","1.24.5.308","1.24.5.308"
"421","392","4.4e-05","222622.904423897","8180714.20934587","1.24.5.214","1.24.5.214"
"422","394","4.4e-05","222610.895827458","8180722.29484326","1.24.5.216","1.24.5.216"
"423","395","4.4e-05","222599.606996096","8180721.43013465","1.24.5.217","1.24.5.217"
"424","463","4.3e-05","222498.753678458","8180722.19794632","1.24.5.315","1.24.5.315"
"425","687","4.3e-05","222776.185928507","8180634.38357289","1.24.5.53","1.24.5.53"
"426","431","4.2e-05","222465.155151305","8180636.68424789","1.24.5.284","1.24.5.284"
"427","455","4.2e-05","222535.386667934","8180729.13970448","1.24.5.307","1.24.5.307"
"428","454","4e-05","222526.28581063","8180721.74984855","1.24.5.306","1.24.5.306"
"429","328","3.9e-05","222712.453231378","8180775.48815191","1.24.5.140","1.24.5.140"
"430","369","3.9e-05","222667.148247207","8180628.91909184","1.24.5.181","1.24.5.181"
"431","319","3.8e-05","222709.719594097","8180752.42496285","1.24.5.131","1.24.5.131"
"432","663","3.7e-05","222372.379485701","8180798.58179636","1.24.5.510D","1.24.5.510D"
"433","361","3.6e-05","222640.650992695","8180706.59282537","1.24.5.173","1.24.5.173"
"434","466","3.6e-05","222471.282830504","8180703.31604213","1.24.5.318","1.24.5.318"
"435","432","3.5e-05","222471.138424073","8180640.43525016","1.24.5.285","1.24.5.285"
"436","457","3.4e-05","222546.63827465","8180752.54266012","1.24.5.309","1.24.5.309"
"437","465","3.4e-05","222482.725227056","8180694.97086982","1.24.5.317","1.24.5.317"
"438","338","3.3e-05","222626.384154718","8180741.66275471","1.24.5.150","1.24.5.150"
"439","307","3.2e-05","222734.378708406","8180742.76989559","1.24.5.119","1.24.5.119"
"440","329","3.2e-05","222724.473153096","8180773.42996037","1.24.5.141","1.24.5.141"
"441","398","3.2e-05","222562.627892673","8180728.79302005","1.24.5.221","1.24.5.221"
"442","347","3.1e-05","222613.771531878","8180768.57736313","1.24.5.159","1.24.5.159"
"443","741","3.1e-05","222763.278286401","8180668.48435892","1.24.5.58","1.24.5.58"
"444","384","3e-05","222606.326387184","8180594.11205275","1.24.5.196","1.24.5.196"
"445","577","3e-05","222638.007328249","8180877.31642716","1.24.5.431","1.24.5.431"
"446","391","2.9e-05","222627.667635298","8180702.1219355","1.24.5.213","1.24.5.213"
"447","324","2.8e-05","222726.881844005","8180704.65339639","1.24.5.136","1.24.5.136"
"448","342","2.7e-05","222572.243115287","8180762.70569614","1.24.5.154","1.24.5.154"
"449","362","2.7e-05","222636.785188471","8180719.45028222","1.24.5.174","1.24.5.174"
"450","587","2.7e-05","222616.88128258","8180904.26460631","1.24.5.441","1.24.5.441"
"451","312","2.6e-05","222706.652853508","8180699.6964622","1.24.5.124","1.24.5.124"
"452","322","2.6e-05","222721.937315446","8180724.62824277","1.24.5.134","1.24.5.134"
"453","383","2.6e-05","222607.955354339","8180579.18727629","1.24.5.195","1.24.5.195"
"454","37","2.5e-05","222236.197186298","8180509.3179685","1.24.4.88","1.24.4.88"
"455","314","2.5e-05","222698.607639033","8180715.46461352","1.24.5.126","1.24.5.126"
"456","459","2.4e-05","222526.417066581","8180749.05730658","1.24.5.311","1.24.5.311"
"457","313","2.3e-05","222700.035166298","8180708.06933789","1.24.5.125","1.24.5.125"
"458","339","2.3e-05","222610.110515899","8180740.92784008","1.24.5.151","1.24.5.151"
"459","527","2.3e-05","222501.469994743","8180900.10849632","1.24.5.378","1.24.5.378"
"460","753","2.2e-05","222727.132002039","8180619.88137917","1.24.5.62","1.24.5.62"
"461","481","2.1e-05","222473.318788231","8180679.09376417","1.24.5.334","1.24.5.334"
"462","755","2.1e-05","222746.871625831","8180621.41258053","1.24.5.64","1.24.5.64"
"463","372","2e-05","222661.498930174","8180646.51851197","1.24.5.184","1.24.5.184"
"464","420","2e-05","222439.987539803","8180621.78284299","1.24.5.271","1.24.5.271"
"465","719","2e-05","222749.421810053","8180663.93368326","1.24.5.56","1.24.5.56"
"466","331","1.9e-05","222754.358053856","8180775.26296528","1.24.5.143","1.24.5.143"
"467","373","1.9e-05","222671.947549668","8180650.81289489","1.24.5.185","1.24.5.185"
"468","526","1.9e-05","222493.949749335","8180898.94887219","1.24.5.377","1.24.5.377"
"469","354","1.8e-05","222688.760439745","8180679.13173347","1.24.5.166","1.24.5.166"
"470","330","1.7e-05","222736.513880884","8180776.57871009","1.24.5.142","1.24.5.142"
"471","343","1.7e-05","222574.391008528","8180778.77633857","1.24.5.155","1.24.5.155"
"472","359","1.7e-05","222647.724218147","8180687.29421107","1.24.5.171","1.24.5.171"
"473","381","1.7e-05","222700.219781807","8180611.67721122","1.24.5.192","1.24.5.192"
"474","84","1.6e-05","222563.055849046","8180684.48187475","1.24.5.236","1.24.5.236"
"475","232","1.6e-05","222417.857531543","8180563.92922042","1.24.4.136","1.24.4.136"
"476","375","1.6e-05","222715.227593157","8180599.70799898","1.24.5.187","1.24.5.187"
"477","698","1.6e-05","222744.287693071","8180646.13939087","1.24.5.54","1.24.5.54"
"478","240","1.5e-05","222397.324915601","8180627.93738803","1.24.4.2","1.24.4.2"
"479","323","1.5e-05","222723.478151763","8180713.89913304","1.24.5.135","1.24.5.135"
"480","368","1.5e-05","222672.28269694","8180624.87125785","1.24.5.180","1.24.5.180"
"481","406","1.5e-05","222588.833702809","8180584.62568865","1.24.5.245","1.24.5.245"
"482","176","1.4e-05","223092.59023818","8180596.30303608","1.24.6.35","1.24.6.35"
"483","218","1.4e-05","222364.611807751","8180544.08696181","1.24.4.123","1.24.4.123"
"484","220","1.4e-05","222374.858176066","8180532.8462989","1.24.4.125","1.24.4.125"
"485","464","1.4e-05","222489.862444895","8180708.72263575","1.24.5.316","1.24.5.316"
"486","308","1.3e-05","222734.876032189","8180752.64815342","1.24.5.120","1.24.5.120"
"487","393","1.3e-05","222622.146562263","8180721.13263522","1.24.5.215","1.24.5.215"
"488","407","1.3e-05","222565.975368837","8180594.44433067","1.24.5.246","1.24.5.246"
"489","578","1.3e-05","222634.952884728","8180866.51061049","1.24.5.432","1.24.5.432"
"490","46","1.2e-05","222894.164105263","8180709.73184044","1.24.5.10","1.24.5.10"
"491","421","1.2e-05","222437.960552793","8180634.3239545","1.24.5.272","1.24.5.272"
"492","311","1.1e-05","222727.897087108","8180686.24925803","1.24.5.123","1.24.5.123"
"493","524","1.1e-05","222478.068134615","8180892.47627152","1.24.5.375","1.24.5.375"
"494","217","1e-05","222361.297241583","8180551.20883056","1.24.4.122","1.24.4.122"
"495","380","1e-05","222689.970729964","8180608.40414837","1.24.5.191","1.24.5.191"
"496","429","1e-05","222419.186475848","8180606.7968768","1.24.5.279A","1.24.5.279A"
"497","677","1e-05","222467.8321164","8180849.99033092","1.24.5.520","1.24.5.520"
"498","147","9e-06","222835.857585984","8180662.32757185","1.24.5.78","1.24.5.78"
"499","231","9e-06","222407.569745668","8180551.78132409","1.24.4.135","1.24.4.135"
"500","371","9e-06","222663.516866152","8180640.582531","1.24.5.183","1.24.5.183"
"501","374","9e-06","222708.8901732","8180616.5533571","1.24.5.186","1.24.5.186"
"502","377","9e-06","222668.528405276","8180599.49169347","1.24.5.189","1.24.5.189"
"503","390","9e-06","222631.450203324","8180690.7538828","1.24.5.212","1.24.5.212"
"504","460","9e-06","222519.662844252","8180743.75722931","1.24.5.312","1.24.5.312"
"505","484","9e-06","222434.432172771","8180668.40338947","1.24.5.337","1.24.5.337"
"506","320","8e-06","222714.087969493","8180741.7886163","1.24.5.132","1.24.5.132"
"507","360","8e-06","222644.061637497","8180695.64299836","1.24.5.172","1.24.5.172"
"508","474","8e-06","222499.556721055","8180769.00313697","1.24.5.326","1.24.5.326"
"509","664","8e-06","222366.408781538","8180805.82567423","1.24.5.510E","1.24.5.510E"
"510","83","7e-06","222559.037741999","8180678.90467522","1.24.5.235","1.24.5.235"
"511","233","7e-06","222411.732593442","8180572.70256351","1.24.4.137","1.24.4.137"
"512","385","7e-06","222617.917386227","8180594.49231392","1.24.5.197","1.24.5.197"
"513","428","7e-06","222423.047478466","8180612.12183411","1.24.5.279","1.24.5.279"
"514","462","7e-06","222502.519182165","8180727.88929108","1.24.5.314","1.24.5.314"
"515","678","7e-06","222461.511825965","8180884.61857356","1.24.5.521","1.24.5.521"
"516","42","6e-06","222251.710049499","8180525.6601925","1.24.4.93","1.24.4.93"
"517","422","6e-06","222435.153971491","8180643.66370826","1.24.5.273","1.24.5.273"
"518","427","6e-06","222421.445479855","8180618.78291564","1.24.5.278","1.24.5.278"
"519","483","6e-06","222443.618237737","8180663.58379699","1.24.5.336","1.24.5.336"
"520","219","5e-06","222371.578950188","8180539.380627","1.24.4.124","1.24.4.124"
"521","263","5e-06","222341.151989582","8180574.75433226","1.24.4.5","1.24.4.5"
"522","321","5e-06","222718.861507812","8180734.13841073","1.24.5.133","1.24.5.133"
"523","357","5e-06","222655.523923622","8180668.92622413","1.24.5.169","1.24.5.169"
"524","38","4e-06","222235.983235842","8180516.81521489","1.24.4.89","1.24.4.89"
"525","170","4e-06","223079.581169568","8180606.84527857","1.24.6.29","1.24.6.29"
"526","482","4e-06","222456.029665519","8180658.75027007","1.24.5.335","1.24.5.335"
"527","576","4e-06","222641.846742833","8180891.82417","1.24.5.430","1.24.5.430"
"528","586","4e-06","222613.156096637","8180891.26540496","1.24.5.440","1.24.5.440"
"529","757","4e-06","222712.639775994","8180664.28326504","1.24.5.67","1.24.5.67"
"530","53","3e-06","222909.961253166","8180708.70309732","1.24.5.12","1.24.5.12"
"531","178","3e-06","223042.956711945","8180563.07693405","1.24.6.45","1.24.6.45"
"532","336","3e-06","222661.463049141","8180756.87051487","1.24.5.148","1.24.5.148"
"533","341","3e-06","222573.014727973","8180750.05212634","1.24.5.153","1.24.5.153"
"534","370","3e-06","222665.005796541","8180634.73166773","1.24.5.182","1.24.5.182"
"535","458","3e-06","222534.571417758","8180751.76315929","1.24.5.310","1.24.5.310"
"536","477","3e-06","222534.870707387","8180782.21428159","1.24.5.329","1.24.5.329"
"537","485","3e-06","222422.675154536","8180665.96900965","1.24.5.338","1.24.5.338"
"538","102","2e-06","222510.182154609","8180595.21047725","1.24.5.260","1.24.5.260"
"539","172","2e-06","223091.580983705","8180629.85439194","1.24.6.31","1.24.6.31"
"540","367","2e-06","222700.223686374","8180632.76975229","1.24.5.179","1.24.5.179"
"541","17","1e-06","222132.207609823","8180556.31483398","1.24.4.32","1.24.4.32"
"542","51","1e-06","222744.807434951","8180705.39946074","1.24.5.117","1.24.5.117"
"543","100","1e-06","222513.635326451","8180592.85191453","1.24.5.259","1.24.5.259"
"544","148","1e-06","222842.465614855","8180658.36726083","1.24.5.79","1.24.5.79"
"545","169","1e-06","223076.687296019","8180599.67476048","1.24.6.28","1.24.6.28"
"546","387","1e-06","222633.972772544","8180598.65053036","1.24.5.199","1.24.5.199"
"547","523","1e-06","222482.276353093","8180874.93365847","1.24.5.374","1.24.5.374"
"548","1","0","222335.482000337","8180511.13029546","1.24.4.111A","1.24.4.111A"
"549","2","0","222347.546545122","8180490.79520486","1.24.4.112","1.24.4.112"
"550","3","0","222353.190774893","8180488.16141864","1.24.4.112A","1.24.4.112A"
"551","4","0","222357.916492968","8180491.30719634","1.24.4.113","1.24.4.113"
"552","5","0","222381.340446185","8180494.93800073","1.24.4.114","1.24.4.114"
"553","6","0","222398.594510629","8180480.15532641","1.24.4.115","1.24.4.115"
"554","7","0","222226.949896179","8180559.53974052","1.24.4.17","1.24.4.17"
"555","8","0","222231.779367648","8180566.50165788","1.24.4.18","1.24.4.18"
"556","9","0","222219.111888996","8180571.8821108","1.24.4.19","1.24.4.19"
"557","10","0","222209.623677345","8180570.69373998","1.24.4.20","1.24.4.20"
"558","11","0","222202.211039408","8180569.81774814","1.24.4.21","1.24.4.21"
"559","12","0","222191.593548501","8180566.19752896","1.24.4.22","1.24.4.22"
"560","13","0","222193.797869537","8180554.4205466","1.24.4.23","1.24.4.23"
"561","14","0","222145.429911558","8180539.62124656","1.24.4.29","1.24.4.29"
"562","15","0","222145.616979969","8180550.00273435","1.24.4.30","1.24.4.30"
"563","16","0","222146.518220179","8180558.61502229","1.24.4.31","1.24.4.31"
"564","18","0","222128.639341022","8180547.34600402","1.24.4.33","1.24.4.33"
"565","19","0","222127.836750178","8180538.70840681","1.24.4.34","1.24.4.34"
"566","20","0","222062.651118559","8180466.46529758","1.24.4.50","1.24.4.50"
"567","21","0","222063.930186849","8180477.10445784","1.24.4.51","1.24.4.51"
"568","22","0","222063.928603114","8180486.53010723","1.24.4.52","1.24.4.52"
"569","23","0","222064.749412585","8180495.07825161","1.24.4.53","1.24.4.53"
"570","24","0","222063.877426201","8180504.21254543","1.24.4.54","1.24.4.54"
"571","25","0","222081.518714715","8180503.95781876","1.24.4.55","1.24.4.55"
"572","26","0","222082.33283045","8180497.16148058","1.24.4.56","1.24.4.56"
"573","27","0","222083.591234925","8180486.31578338","1.24.4.57","1.24.4.57"
"574","28","0","222083.81280151","8180477.3170763","1.24.4.58","1.24.4.58"
"575","29","0","222082.207074391","8180468.06231915","1.24.4.59","1.24.4.59"
"576","30","0","222168.271172817","8180493.58952765","1.24.4.79","1.24.4.79"
"577","31","0","222164.967967025","8180505.30697539","1.24.4.80","1.24.4.80"
"578","32","0","222165.096835576","8180514.06546297","1.24.4.81","1.24.4.81"
"579","33","0","222196.003243115","8180524.27948641","1.24.4.84","1.24.4.84"
"580","34","0","222196.131392567","8180515.56084848","1.24.4.85","1.24.4.85"
"581","35","0","222198.3260644","8180501.70859102","1.24.4.86","1.24.4.86"
"582","36","0","222235.90274721","8180500.46877001","1.24.4.87","1.24.4.87"
"583","39","0","222235.148415545","8180523.89587059","1.24.4.90","1.24.4.90"
"584","40","0","222234.133298962","8180534.44349666","1.24.4.91","1.24.4.91"
"585","41","0","222250.406175513","8180532.65176696","1.24.4.92","1.24.4.92"
"586","43","0","222251.940959102","8180519.3369426","1.24.4.94","1.24.4.94"
"587","44","0","222252.402863197","8180512.1695495","1.24.4.95","1.24.4.95"
"588","45","0","222252.288745519","8180501.84548263","1.24.4.96","1.24.4.96"
"589","47","0","222901.054244545","8180711.02166798","1.24.5.11","1.24.5.11"
"590","48","0","222768.807743358","8180726.92615825","1.24.5.114","1.24.5.114"
"591","49","0","222761.329230754","8180720.93696818","1.24.5.115","1.24.5.115"
"592","50","0","222754.191075837","8180713.57462012","1.24.5.116","1.24.5.116"
"593","52","0","222737.904093863","8180734.86669971","1.24.5.118","1.24.5.118"
"594","54","0","222919.542611732","8180705.79853468","1.24.5.13","1.24.5.13"
"595","55","0","222926.998340296","8180700.40068026","1.24.5.14","1.24.5.14"
"596","56","0","222932.798688841","8180696.67249005","1.24.5.15","1.24.5.15"
"597","57","0","222945.121755411","8180688.96846856","1.24.5.16","1.24.5.16"
"598","58","0","222954.089973309","8180683.6254373","1.24.5.17","1.24.5.17"
"599","59","0","222954.529694046","8180660.16893662","1.24.5.18","1.24.5.18"
"600","60","0","222648.239988109","8180586.26988909","1.24.5.194","1.24.5.194"
"601","61","0","222609.030993296","8180613.68126655","1.24.5.200","1.24.5.200"
"602","62","0","222605.559809626","8180631.09271593","1.24.5.201","1.24.5.201"
"603","63","0","222606.228341153","8180641.2810249","1.24.5.202","1.24.5.202"
"604","64","0","222618.342644187","8180643.1042135","1.24.5.203","1.24.5.203"
"605","65","0","222633.603775261","8180645.12060825","1.24.5.204","1.24.5.204"
"606","66","0","222645.347593004","8180644.58704698","1.24.5.205","1.24.5.205"
"607","67","0","222647.124022739","8180635.48763497","1.24.5.206","1.24.5.206"
"608","68","0","222651.465290917","8180624.80001333","1.24.5.207","1.24.5.207"
"609","69","0","222650.69555338","8180617.66554428","1.24.5.208","1.24.5.208"
"610","70","0","222632.771712447","8180657.65712899","1.24.5.209","1.24.5.209"
"611","71","0","222911.391985188","8180680.05484095","1.24.5.21","1.24.5.21"
"612","72","0","222636.649976767","8180669.13350064","1.24.5.210","1.24.5.210"
"613","73","0","222635.053003569","8180678.73794626","1.24.5.211","1.24.5.211"
"614","74","0","222578.614750349","8180724.89673869","1.24.5.219","1.24.5.219"
"615","75","0","222919.39376825","8180675.65837749","1.24.5.22","1.24.5.22"
"616","76","0","222548.707739287","8180703.40246485","1.24.5.223","1.24.5.223"
"617","77","0","222543.850558698","8180685.69027785","1.24.5.224","1.24.5.224"
"618","78","0","222929.965814954","8180671.16531684","1.24.5.23","1.24.5.23"
"619","79","0","222574.511248951","8180694.0944733","1.24.5.230","1.24.5.230"
"620","80","0","222538.442269733","8180641.32742471","1.24.5.231","1.24.5.231"
"621","81","0","222553.209617448","8180665.06787403","1.24.5.233","1.24.5.233"
"622","82","0","222557.145841138","8180672.11124237","1.24.5.234","1.24.5.234"
"623","85","0","222600.44210538","8180685.18673002","1.24.5.237","1.24.5.237"
"624","86","0","222604.635351063","8180670.2162577","1.24.5.238","1.24.5.238"
"625","87","0","222601.070334808","8180659.72942737","1.24.5.239","1.24.5.239"
"626","88","0","222940.380191214","8180666.30038095","1.24.5.24","1.24.5.24"
"627","89","0","222590.416515337","8180673.33022121","1.24.5.240","1.24.5.240"
"628","90","0","222574.217681287","8180642.97281565","1.24.5.241","1.24.5.241"
"629","91","0","222586.283687425","8180644.1465042","1.24.5.242","1.24.5.242"
"630","92","0","222586.441113927","8180630.97124455","1.24.5.243","1.24.5.243"
"631","93","0","222590.145675247","8180612.779907","1.24.5.244","1.24.5.244"
"632","94","0","222931.617841456","8180647.17512332","1.24.5.25","1.24.5.25"
"633","95","0","222551.31640245","8180576.66384401","1.24.5.253","1.24.5.253"
"634","96","0","222532.269988935","8180569.25365864","1.24.5.255","1.24.5.255"
"635","97","0","222516.931957141","8180584.21053559","1.24.5.256","1.24.5.256"
"636","98","0","222508.191349557","8180576.23507775","1.24.5.257","1.24.5.257"
"637","99","0","222492.407717851","8180569.22554171","1.24.5.258","1.24.5.258"
"638","101","0","222890.143108693","8180658.30006164","1.24.5.26","1.24.5.26"
"639","103","0","222508.161388469","8180596.95404274","1.24.5.261","1.24.5.261"
"640","104","0","222505.683197726","8180599.11694928","1.24.5.262","1.24.5.262"
"641","105","0","222448.965023761","8180589.44438634","1.24.5.268","1.24.5.268"
"642","106","0","222446.084241315","8180600.23490408","1.24.5.269","1.24.5.269"
"643","107","0","222898.383212356","8180656.23538242","1.24.5.27","1.24.5.27"
"644","108","0","222444.073989857","8180610.97459526","1.24.5.270","1.24.5.270"
"645","109","0","222906.618049529","8180654.33119589","1.24.5.28","1.24.5.28"
"646","110","0","222426.112617998","8180601.95490161","1.24.5.280","1.24.5.280"
"647","111","0","222429.094500008","8180595.52305062","1.24.5.281","1.24.5.281"
"648","112","0","222433.028181081","8180587.20656214","1.24.5.282","1.24.5.282"
"649","113","0","222918.905045416","8180650.93867877","1.24.5.29","1.24.5.29"
"650","114","0","222914.47973705","8180628.0288074","1.24.5.30","1.24.5.30"
"651","115","0","222897.907554032","8180618.66858057","1.24.5.31","1.24.5.31"
"652","116","0","222862.702476408","8180631.8017431","1.24.5.32","1.24.5.32"
"653","117","0","222872.936750609","8180632.56309924","1.24.5.33","1.24.5.33"
"654","118","0","222881.854916008","8180634.12145755","1.24.5.34","1.24.5.34"
"655","119","0","222895.630842691","8180632.87080906","1.24.5.35","1.24.5.35"
"656","120","0","222888.934145145","8180607.17121393","1.24.5.36","1.24.5.36"
"657","121","0","222878.96779255","8180607.68451761","1.24.5.37","1.24.5.37"
"658","122","0","222868.63964727","8180607.99385588","1.24.5.38","1.24.5.38"
"659","123","0","222858.922698868","8180608.80822224","1.24.5.39","1.24.5.39"
"660","124","0","222835.259336579","8180620.41400583","1.24.5.40","1.24.5.40"
"661","125","0","222830.514075634","8180613.53749418","1.24.5.41","1.24.5.41"
"662","126","0","222827.294962025","8180605.15244241","1.24.5.42","1.24.5.42"
"663","127","0","222837.218281155","8180580.58956247","1.24.5.42A","1.24.5.42A"
"664","128","0","222775.750450035","8180588.28967725","1.24.5.42E","1.24.5.42E"
"665","129","0","222780.356823218","8180596.57737941","1.24.5.42F","1.24.5.42F"
"666","130","0","222780.386930887","8180604.39110735","1.24.5.44","1.24.5.44"
"667","131","0","222786.812369304","8180603.41716286","1.24.5.44A","1.24.5.44A"
"668","132","0","222800.746009359","8180618.94137077","1.24.5.45","1.24.5.45"
"669","133","0","222806.651552568","8180645.99398472","1.24.5.47","1.24.5.47"
"670","134","0","222815.562401906","8180640.71006781","1.24.5.48","1.24.5.48"
"671","135","0","222829.378297378","8180633.26334001","1.24.5.49","1.24.5.49"
"672","136","0","222836.231476202","8180629.85209214","1.24.5.50","1.24.5.50"
"673","137","0","222747.332129935","8180653.39495195","1.24.5.55","1.24.5.55"
"674","138","0","222720.787476071","8180643.10931865","1.24.5.66","1.24.5.66"
"675","139","0","222718.250292872","8180647.28905124","1.24.5.66A","1.24.5.66A"
"676","140","0","222732.948727869","8180665.50508253","1.24.5.69","1.24.5.69"
"677","141","0","222774.957476634","8180688.97704204","1.24.5.71","1.24.5.71"
"678","142","0","222783.742473384","8180686.50746692","1.24.5.72","1.24.5.72"
"679","143","0","222806.391828677","8180676.3980086","1.24.5.75","1.24.5.75"
"680","144","0","222814.10203845","8180674.48933819","1.24.5.76","1.24.5.76"
"681","145","0","222807.592582954","8180656.19019766","1.24.5.76B","1.24.5.76B"
"682","146","0","222821.834945123","8180670.811439","1.24.5.77","1.24.5.77"
"683","149","0","222854.610913657","8180657.69146121","1.24.5.80","1.24.5.80"
"684","150","0","222866.005327138","8180659.40228965","1.24.5.81","1.24.5.81"
"685","151","0","222875.249984264","8180659.50205132","1.24.5.82","1.24.5.82"
"686","152","0","222967.264988162","8180678.98524314","1.24.5.9","1.24.5.9"
"687","153","0","222985.75751592","8180667.6828651","1.24.6.109","1.24.6.109"
"688","154","0","222993.417258022","8180672.79175176","1.24.6.110","1.24.6.110"
"689","155","0","223004.066364159","8180684.20756384","1.24.6.111","1.24.6.111"
"690","156","0","223014.255875013","8180679.04294643","1.24.6.112","1.24.6.112"
"691","157","0","222943.622861277","8180585.02396071","1.24.6.114","1.24.6.114"
"692","158","0","222937.298640113","8180580.10713573","1.24.6.115","1.24.6.115"
"693","159","0","222912.969412837","8180566.98216047","1.24.6.117","1.24.6.117"
"694","160","0","222906.521502271","8180560.29532878","1.24.6.117A","1.24.6.117A"
"695","161","0","222902.372174443","8180583.60681204","1.24.6.118","1.24.6.118"
"696","162","0","222927.963962182","8180619.02529038","1.24.6.122","1.24.6.122"
"697","163","0","223036.891595233","8180499.27449487","1.24.6.13","1.24.6.13"
"698","164","0","223025.232700509","8180508.36347555","1.24.6.14","1.24.6.14"
"699","165","0","223029.250103091","8180518.83496945","1.24.6.15","1.24.6.15"
"700","166","0","223037.074257464","8180529.87017681","1.24.6.16","1.24.6.16"
"701","167","0","223055.841295481","8180515.64792984","1.24.6.22","1.24.6.22"
"702","168","0","223050.343573472","8180505.69562739","1.24.6.23","1.24.6.23"
"703","171","0","223084.717908216","8180615.61695432","1.24.6.30","1.24.6.30"
"704","173","0","223095.626486671","8180623.29769738","1.24.6.32","1.24.6.32"
"705","174","0","223102.364394677","8180610.19907676","1.24.6.33","1.24.6.33"
"706","175","0","223097.066230636","8180602.34885055","1.24.6.34","1.24.6.34"
"707","177","0","223091.884786048","8180588.39429842","1.24.6.36","1.24.6.36"
"708","179","0","223037.891221549","8180554.00164067","1.24.6.46","1.24.6.46"
"709","180","0","223033.125869856","8180546.35532835","1.24.6.47","1.24.6.47"
"710","181","0","223026.683128612","8180537.67983701","1.24.6.48","1.24.6.48"
"711","182","0","223018.948495934","8180549.584137","1.24.6.51","1.24.6.51"
"712","183","0","223012.843858639","8180598.63593195","1.24.6.68","1.24.6.68"
"713","184","0","223020.173355755","8180605.07934138","1.24.6.69","1.24.6.69"
"714","185","0","223027.269000406","8180615.67666982","1.24.6.70","1.24.6.70"
"715","186","0","223045.613531547","8180611.16029415","1.24.6.76","1.24.6.76"
"716","187","0","223041.947470014","8180605.28984275","1.24.6.77","1.24.6.77"
"717","188","0","223035.283936328","8180593.41244829","1.24.6.78","1.24.6.78"
"718","189","0","222933.062534753","8180541.69594162","1.24.6.91A","1.24.6.91A"
"719","190","0","222927.595535191","8180548.34843528","1.24.6.92","1.24.6.92"
"720","191","0","222918.225178147","8180549.63788495","1.24.6.92A","1.24.6.92A"
"721","192","0","223024.14628971","8180668.95018992","1.24.6.94","1.24.6.94"
"722","193","0","223016.219019121","8180660.61887395","1.24.6.95","1.24.6.95"
"723","194","0","222401.489226592","8180615.31300673","1.24.4.1","1.24.4.1"
"724","216","0","222354.446803994","8180558.14240936","1.24.4.121","1.24.4.121"
"725","221","0","222395.778728152","8180540.85432037","1.24.4.126","1.24.4.126"
"726","222","0","222387.872787007","8180549.51064717","1.24.4.127","1.24.4.127"
"727","223","0","222383.165225455","8180556.42637003","1.24.4.128","1.24.4.128"
"728","224","0","222378.230669621","8180562.12885657","1.24.4.129","1.24.4.129"
"729","226","0","222371.909341342","8180568.13797016","1.24.4.130","1.24.4.130"
"730","227","0","222381.201960437","8180576.06411128","1.24.4.131","1.24.4.131"
"731","228","0","222389.627544638","8180569.04999843","1.24.4.132","1.24.4.132"
"732","229","0","222394.11253127","8180563.48790085","1.24.4.133","1.24.4.133"
"733","230","0","222401.670447777","8180557.04952302","1.24.4.134","1.24.4.134"
"734","234","0","222405.220986056","8180578.71699215","1.24.4.138","1.24.4.138"
"735","235","0","222395.842511725","8180585.62142053","1.24.4.139","1.24.4.139"
"736","237","0","222403.550760501","8180596.75839686","1.24.4.140","1.24.4.140"
"737","246","0","222389.189647435","8180614.93570637","1.24.4.3","1.24.4.3"
"738","252","0","222381.270926146","8180605.7072827","1.24.4.4","1.24.4.4"
"739","315","0","222695.799336842","8180720.95084101","1.24.5.127","1.24.5.127"
"740","316","0","222693.490649347","8180725.89424357","1.24.5.128","1.24.5.128"
"741","317","0","222690.321616041","8180735.00678752","1.24.5.129","1.24.5.129"
"742","318","0","222685.351166023","8180753.25164371","1.24.5.130","1.24.5.130"
"743","325","0","222680.732053013","8180768.35175254","1.24.5.137","1.24.5.137"
"744","326","0","222680.929727283","8180779.17736866","1.24.5.138","1.24.5.138"
"745","327","0","222701.464755905","8180774.03382555","1.24.5.139","1.24.5.139"
"746","334","0","222650.172542397","8180783.19086122","1.24.5.146","1.24.5.146"
"747","335","0","222657.927552195","8180770.05444843","1.24.5.147","1.24.5.147"
"748","337","0","222640.747058015","8180744.81036995","1.24.5.149","1.24.5.149"
"749","344","0","222582.115063972","8180776.37737033","1.24.5.156","1.24.5.156"
"750","345","0","222590.98217455","8180773.92663598","1.24.5.157","1.24.5.157"
"751","346","0","222605.679501138","8180770.50542951","1.24.5.158","1.24.5.158"
"752","348","0","222620.317062911","8180770.65681378","1.24.5.160","1.24.5.160"
"753","349","0","222633.456787994","8180771.7744867","1.24.5.161","1.24.5.161"
"754","350","0","222673.606038946","8180730.23887489","1.24.5.162","1.24.5.162"
"755","351","0","222678.90025","8180713.49639856","1.24.5.163","1.24.5.163"
"756","352","0","222682.334812087","8180700.84822566","1.24.5.164","1.24.5.164"
"757","353","0","222687.359278539","8180689.21816811","1.24.5.165","1.24.5.165"
"758","355","0","222690.973638287","8180672.13632423","1.24.5.167","1.24.5.167"
"759","363","0","222644.947878566","8180723.42077552","1.24.5.175","1.24.5.175"
"760","364","0","222657.563641175","8180722.39677221","1.24.5.176","1.24.5.176"
"761","365","0","222689.750675106","8180657.18380266","1.24.5.177","1.24.5.177"
"762","366","0","222697.966587291","8180641.60387927","1.24.5.178","1.24.5.178"
"763","376","0","222675.167694979","8180587.93662969","1.24.5.188","1.24.5.188"
"764","379","0","222678.43908414","8180603.56656306","1.24.5.190","1.24.5.190"
"765","382","0","222649.457191227","8180601.00198585","1.24.5.193","1.24.5.193"
"766","386","0","222625.640128736","8180597.01763977","1.24.5.198","1.24.5.198"
"767","423","0","222425.89381553","8180642.52266262","1.24.5.274","1.24.5.274"
"768","424","0","222419.20009483","8180641.58401041","1.24.5.275","1.24.5.275"
"769","425","0","222412.688274687","8180639.29674335","1.24.5.276","1.24.5.276"
"770","426","0","222416.335421759","8180627.41538185","1.24.5.277","1.24.5.277"
"771","467","0","222458.6087872","8180709.12509214","1.24.5.319","1.24.5.319"
"772","469","0","222470.866180223","8180727.2656771","1.24.5.321","1.24.5.321"
"773","470","0","222475.262298091","8180737.60707798","1.24.5.322","1.24.5.322"
"774","471","0","222481.07744874","8180743.05124316","1.24.5.323","1.24.5.323"
"775","472","0","222482.893924221","8180750.80709791","1.24.5.324","1.24.5.324"
"776","473","0","222488.896202745","8180759.15488194","1.24.5.325","1.24.5.325"
"777","475","0","222517.508849287","8180778.09016978","1.24.5.327","1.24.5.327"
"778","476","0","222526.459343202","8180781.37984818","1.24.5.328","1.24.5.328"
"779","478","0","222548.143265175","8180783.97375111","1.24.5.330","1.24.5.330"
"780","479","0","222556.458002562","8180781.26457148","1.24.5.331","1.24.5.331"
"781","480","0","222553.938527961","8180768.24982663","1.24.5.332","1.24.5.332"
"782","486","0","222419.078575172","8180681.15088291","1.24.5.339","1.24.5.339"
"783","487","0","222411.094092614","8180674.04328745","1.24.5.339A","1.24.5.339A"
"784","488","0","222416.595976147","8180690.6420744","1.24.5.340","1.24.5.340"
"785","489","0","222434.679349749","8180696.32692879","1.24.5.341","1.24.5.341"
"786","490","0","222453.280337457","8180689.50441663","1.24.5.342","1.24.5.342"
"787","492","0","222368.273705772","8180700.61504712","1.24.5.344","1.24.5.344"
"788","493","0","222427.483258213","8180720.51502806","1.24.5.345","1.24.5.345"
"789","494","0","222420.247915606","8180718.4786958","1.24.5.346","1.24.5.346"
"790","495","0","222414.602898783","8180716.5956741","1.24.5.347","1.24.5.347"
"791","496","0","222409.154332442","8180714.31099724","1.24.5.348","1.24.5.348"
"792","497","0","222402.858966943","8180712.22583234","1.24.5.349","1.24.5.349"
"793","498","0","222401.063299578","8180734.29189839","1.24.5.350","1.24.5.350"
"794","499","0","222400.79333048","8180743.32650585","1.24.5.350A","1.24.5.350A"
"795","500","0","222405.930175526","8180746.91715699","1.24.5.351","1.24.5.351"
"796","501","0","222411.505974574","8180757.43208086","1.24.5.352","1.24.5.352"
"797","502","0","222417.310550031","8180764.44743841","1.24.5.353","1.24.5.353"
"798","503","0","222423.582984756","8180768.81784274","1.24.5.354","1.24.5.354"
"799","504","0","222432.976180688","8180778.65649671","1.24.5.355","1.24.5.355"
"800","505","0","222449.695880558","8180793.50361803","1.24.5.356","1.24.5.356"
"801","506","0","222462.046300041","8180806.56936958","1.24.5.357","1.24.5.357"
"802","507","0","222467.582592048","8180799.19808353","1.24.5.358","1.24.5.358"
"803","508","0","222474.661339407","8180792.46228774","1.24.5.359","1.24.5.359"
"804","509","0","222480.184882838","8180786.74851678","1.24.5.360","1.24.5.360"
"805","510","0","222475.079016796","8180778.08225972","1.24.5.361","1.24.5.361"
"806","511","0","222470.507905503","8180773.12690656","1.24.5.362","1.24.5.362"
"807","512","0","222466.213840494","8180768.5671076","1.24.5.363","1.24.5.363"
"808","513","0","222462.040469924","8180765.17709676","1.24.5.364","1.24.5.364"
"809","514","0","222454.908746839","8180759.56541647","1.24.5.365","1.24.5.365"
"810","515","0","222448.725502543","8180754.99020312","1.24.5.366","1.24.5.366"
"811","516","0","222440.084813291","8180748.21636161","1.24.5.367","1.24.5.367"
"812","517","0","222435.45460585","8180740.37562996","1.24.5.368","1.24.5.368"
"813","518","0","222494.564058221","8180794.9547433","1.24.5.369","1.24.5.369"
"814","519","0","222475.810613175","8180816.80299151","1.24.5.370","1.24.5.370"
"815","520","0","222483.167128323","8180835.20062553","1.24.5.371","1.24.5.371"
"816","521","0","222487.020061516","8180849.56241969","1.24.5.372","1.24.5.372"
"817","522","0","222487.42121988","8180863.59197159","1.24.5.373","1.24.5.373"
"818","528","0","222508.657006952","8180882.78020365","1.24.5.379","1.24.5.379"
"819","529","0","222507.453913845","8180872.19524068","1.24.5.380","1.24.5.380"
"820","530","0","222512.542137814","8180859.77095637","1.24.5.381","1.24.5.381"
"821","531","0","222514.433557482","8180842.30489204","1.24.5.382","1.24.5.382"
"822","532","0","222508.422206973","8180825.17473072","1.24.5.383","1.24.5.383"
"823","533","0","222501.929359176","8180813.00145758","1.24.5.384","1.24.5.384"
"824","534","0","222531.03139152","8180817.63512556","1.24.5.385","1.24.5.385"
"825","535","0","222536.51369708","8180837.93321309","1.24.5.386","1.24.5.386"
"826","536","0","222545.001820518","8180836.28708761","1.24.5.387","1.24.5.387"
"827","537","0","222553.347638059","8180834.23827655","1.24.5.388","1.24.5.388"
"828","538","0","222563.045058399","8180833.3739484","1.24.5.389","1.24.5.389"
"829","539","0","222571.75629901","8180829.99769954","1.24.5.390","1.24.5.390"
"830","540","0","222579.271457862","8180825.89185952","1.24.5.391","1.24.5.391"
"831","541","0","222584.537173586","8180825.77454468","1.24.5.392","1.24.5.392"
"832","542","0","222594.31152922","8180823.82821823","1.24.5.393","1.24.5.393"
"833","543","0","222610.274025433","8180825.74620236","1.24.5.394","1.24.5.394"
"834","544","0","222608.141661072","8180814.87248795","1.24.5.395","1.24.5.395"
"835","545","0","222608.756662699","8180805.50901446","1.24.5.396","1.24.5.396"
"836","546","0","222607.383862463","8180796.07019022","1.24.5.397","1.24.5.397"
"837","547","0","222592.218215121","8180798.59398343","1.24.5.398","1.24.5.398"
"838","548","0","222585.506582932","8180801.29386247","1.24.5.399","1.24.5.399"
"839","550","0","222573.383593175","8180803.96855074","1.24.5.400","1.24.5.400"
"840","551","0","222564.211697687","8180807.60021448","1.24.5.401","1.24.5.401"
"841","552","0","222557.967894207","8180810.23522376","1.24.5.402","1.24.5.402"
"842","553","0","222549.350391212","8180812.22075023","1.24.5.403","1.24.5.403"
"843","554","0","222539.600423647","8180811.43557459","1.24.5.404","1.24.5.404"
"844","579","0","222631.634002972","8180855.2429619","1.24.5.433","1.24.5.433"
"845","580","0","222627.599396182","8180842.45572052","1.24.5.434","1.24.5.434"
"846","581","0","222616.377030114","8180845.81525639","1.24.5.435","1.24.5.435"
"847","582","0","222609.174852545","8180847.93414051","1.24.5.436","1.24.5.436"
"848","583","0","222598.295809003","8180852.93582288","1.24.5.437","1.24.5.437"
"849","584","0","222604.345336028","8180866.76547311","1.24.5.438","1.24.5.438"
"850","585","0","222606.631647861","8180877.38536905","1.24.5.439","1.24.5.439"
"851","659","0","222389.372159084","8180767.14804503","1.24.5.510","1.24.5.510"
"852","660","0","222384.070836982","8180779.10227547","1.24.5.510A","1.24.5.510A"
"853","661","0","222381.291763051","8180786.96408752","1.24.5.510B","1.24.5.510B"
"854","662","0","222378.357859863","8180793.40209048","1.24.5.510C","1.24.5.510C"
"855","667","0","222400.72701485","8180777.01635009","1.24.5.511","1.24.5.511"
"856","668","0","222410.627550027","8180782.55067478","1.24.5.512","1.24.5.512"
"857","669","0","222420.699487305","8180792.96058084","1.24.5.513","1.24.5.513"
"858","670","0","222427.799816373","8180799.93499877","1.24.5.514","1.24.5.514"
"859","671","0","222436.784367023","8180808.22698733","1.24.5.515","1.24.5.515"
"860","672","0","222442.628421749","8180816.24719475","1.24.5.516","1.24.5.516"
"861","673","0","222448.249731799","8180819.39558433","1.24.5.517","1.24.5.517"
"862","674","0","222456.913625172","8180825.11442455","1.24.5.518","1.24.5.518"
"863","675","0","222463.587204915","8180836.27793153","1.24.5.519","1.24.5.519"
"864","711","0","222651.697029886","8180827.6012295","1.24.5.552","1.24.5.552"
"865","712","0","222662.015870948","8180810.70953517","1.24.5.553","1.24.5.553"
"866","714","0","222752.123883475","8180799.38412212","1.24.5.555","1.24.5.555"
"867","758","0","222722.988175628","8180663.48149301","1.24.5.68","1.24.5.68"
