"","times","ChosenArm","Reward","CumulativeReward","pA","wins.by.A.timeline"
"1",1,1,0,0,0.5,0
"2",2,2,0,0,0.5,-1
"3",3,2,0,0,0.5,-1
"4",4,2,0,0,0.5,-1
"5",5,1,0,0,0.5,0
"6",6,1,0,0,0.5,0
"7",7,1,0,0,0.5,0
"8",8,2,1,1,0.5,-1
"9",9,1,0,1,0.47502081252106,0
"10",10,1,0,1,0.47502081252106,0
"11",11,2,0,1,0.47502081252106,-1
"12",12,2,0,1,0.47502081252106,-1
"13",13,1,0,1,0.47502081252106,0
"14",14,2,0,1,0.47502081252106,-1
"15",15,2,0,1,0.47502081252106,-1
"16",16,2,0,1,0.47502081252106,-1
"17",17,2,0,1,0.47502081252106,-1
"18",18,1,0,1,0.47502081252106,0
"19",19,2,0,1,0.47502081252106,-1
"20",20,2,0,1,0.47502081252106,-1
"21",21,2,0,1,0.47502081252106,-1
"22",22,2,0,1,0.47502081252106,-1
"23",23,2,0,1,0.47502081252106,-1
"24",24,2,0,1,0.47502081252106,-1
"25",25,2,0,1,0.47502081252106,-1
"26",26,2,0,1,0.47502081252106,-1
"27",27,1,0,1,0.47502081252106,0
"28",28,2,0,1,0.47502081252106,-1
"29",29,1,1,2,0.47502081252106,0
"30",30,1,0,2,0.5,0
"31",31,2,0,2,0.5,-1
"32",32,1,0,2,0.5,0
"33",33,1,0,2,0.5,0
"34",34,1,0,2,0.5,0
"35",35,1,0,2,0.5,0
"36",36,1,0,2,0.5,0
"37",37,1,0,2,0.5,0
"38",38,2,0,2,0.5,-1
"39",39,1,0,2,0.5,0
"40",40,1,1,3,0.5,0
"41",41,2,0,3,0.52497918747894,-1
"42",42,1,0,3,0.52497918747894,0
"43",43,2,0,3,0.52497918747894,-1
"44",44,1,0,3,0.52497918747894,0
"45",45,1,1,4,0.52497918747894,0
"46",46,1,0,4,0.549833997312478,0
"47",47,1,0,4,0.549833997312478,0
"48",48,1,0,4,0.549833997312478,0
"49",49,1,0,4,0.549833997312478,0
"50",50,1,0,4,0.549833997312478,0
"51",51,1,0,4,0.549833997312478,0
"52",52,1,0,4,0.549833997312478,0
"53",53,2,0,4,0.549833997312478,-1
"54",54,2,0,4,0.549833997312478,-1
"55",55,1,0,4,0.549833997312478,0
"56",56,2,0,4,0.549833997312478,-1
"57",57,2,0,4,0.549833997312478,-1
"58",58,2,0,4,0.549833997312478,-1
"59",59,1,0,4,0.549833997312478,0
"60",60,2,0,4,0.549833997312478,-1
"61",61,2,0,4,0.549833997312478,-1
"62",62,1,0,4,0.549833997312478,0
"63",63,1,0,4,0.549833997312478,0
"64",64,1,0,4,0.549833997312478,0
"65",65,1,0,4,0.549833997312478,0
"66",66,2,0,4,0.549833997312478,-1
"67",67,2,1,5,0.549833997312478,-1
"68",68,2,0,5,0.52497918747894,-1
"69",69,1,0,5,0.52497918747894,0
"70",70,1,0,5,0.52497918747894,0
"71",71,1,0,5,0.52497918747894,0
"72",72,2,0,5,0.52497918747894,-1
"73",73,2,0,5,0.52497918747894,-1
"74",74,1,0,5,0.52497918747894,0
"75",75,2,1,6,0.52497918747894,-1
"76",76,1,1,7,0.5,0
"77",77,2,0,7,0.52497918747894,-1
"78",78,1,0,7,0.52497918747894,0
"79",79,2,0,7,0.52497918747894,-1
"80",80,1,0,7,0.52497918747894,0
"81",81,1,0,7,0.52497918747894,0
"82",82,1,0,7,0.52497918747894,0
"83",83,1,0,7,0.52497918747894,0
"84",84,1,0,7,0.52497918747894,0
"85",85,2,0,7,0.52497918747894,-1
"86",86,2,0,7,0.52497918747894,-1
"87",87,2,0,7,0.52497918747894,-1
"88",88,1,1,8,0.52497918747894,0
"89",89,1,0,8,0.549833997312478,0
"90",90,2,0,8,0.549833997312478,-1
"91",91,1,0,8,0.549833997312478,0
"92",92,1,1,9,0.549833997312478,0
"93",93,2,0,9,0.574442516811659,-1
"94",94,1,0,9,0.574442516811659,0
"95",95,2,0,9,0.574442516811659,-1
"96",96,1,0,9,0.574442516811659,0
"97",97,2,0,9,0.574442516811659,-1
"98",98,1,0,9,0.574442516811659,0
"99",99,2,0,9,0.574442516811659,-1
"100",100,2,0,9,0.574442516811659,-1
"101",101,2,0,9,0.574442516811659,-1
"102",102,2,0,9,0.574442516811659,-1
"103",103,1,0,9,0.574442516811659,0
"104",104,1,0,9,0.574442516811659,0
"105",105,2,0,9,0.574442516811659,-1
"106",106,1,0,9,0.574442516811659,0
"107",107,2,0,9,0.574442516811659,-1
"108",108,1,0,9,0.574442516811659,0
"109",109,1,0,9,0.574442516811659,0
"110",110,2,0,9,0.574442516811659,-1
"111",111,1,0,9,0.574442516811659,0
"112",112,2,0,9,0.574442516811659,-1
"113",113,1,0,9,0.574442516811659,0
"114",114,1,0,9,0.574442516811659,0
"115",115,1,0,9,0.574442516811659,0
"116",116,2,0,9,0.574442516811659,-1
"117",117,1,0,9,0.574442516811659,0
"118",118,2,0,9,0.574442516811659,-1
"119",119,2,0,9,0.574442516811659,-1
"120",120,1,0,9,0.574442516811659,0
"121",121,2,0,9,0.574442516811659,-1
"122",122,1,0,9,0.574442516811659,0
"123",123,1,0,9,0.574442516811659,0
"124",124,1,0,9,0.574442516811659,0
"125",125,2,0,9,0.574442516811659,-1
"126",126,1,0,9,0.574442516811659,0
"127",127,2,0,9,0.574442516811659,-1
"128",128,1,0,9,0.574442516811659,0
"129",129,2,0,9,0.574442516811659,-1
"130",130,1,0,9,0.574442516811659,0
"131",131,1,0,9,0.574442516811659,0
"132",132,2,0,9,0.574442516811659,-1
"133",133,1,0,9,0.574442516811659,0
"134",134,2,0,9,0.574442516811659,-1
"135",135,2,0,9,0.574442516811659,-1
"136",136,1,0,9,0.574442516811659,0
"137",137,1,1,10,0.574442516811659,0
"138",138,2,0,10,0.598687660112452,-1
"139",139,1,0,10,0.598687660112452,0
"140",140,1,0,10,0.598687660112452,0
"141",141,2,0,10,0.598687660112452,-1
"142",142,2,0,10,0.598687660112452,-1
"143",143,2,0,10,0.598687660112452,-1
"144",144,1,0,10,0.598687660112452,0
"145",145,1,0,10,0.598687660112452,0
"146",146,2,0,10,0.598687660112452,-1
"147",147,2,1,11,0.598687660112452,-1
"148",148,1,0,11,0.574442516811659,0
"149",149,1,0,11,0.574442516811659,0
"150",150,1,0,11,0.574442516811659,0
"151",151,1,0,11,0.574442516811659,0
"152",152,2,0,11,0.574442516811659,-1
"153",153,2,0,11,0.574442516811659,-1
"154",154,2,0,11,0.574442516811659,-1
"155",155,1,0,11,0.574442516811659,0
"156",156,2,0,11,0.574442516811659,-1
"157",157,2,0,11,0.574442516811659,-1
"158",158,1,1,12,0.574442516811659,0
"159",159,1,0,12,0.598687660112452,0
"160",160,1,0,12,0.598687660112452,0
"161",161,1,0,12,0.598687660112452,0
"162",162,1,0,12,0.598687660112452,0
"163",163,2,0,12,0.598687660112452,-1
"164",164,1,0,12,0.598687660112452,0
"165",165,1,0,12,0.598687660112452,0
"166",166,1,0,12,0.598687660112452,0
"167",167,2,0,12,0.598687660112452,-1
"168",168,2,0,12,0.598687660112452,-1
"169",169,1,0,12,0.598687660112452,0
"170",170,1,0,12,0.598687660112452,0
"171",171,2,0,12,0.598687660112452,-1
"172",172,2,0,12,0.598687660112452,-1
"173",173,1,0,12,0.598687660112452,0
"174",174,2,0,12,0.598687660112452,-1
"175",175,2,0,12,0.598687660112452,-1
"176",176,1,0,12,0.598687660112452,0
"177",177,1,0,12,0.598687660112452,0
"178",178,2,0,12,0.598687660112452,-1
"179",179,2,0,12,0.598687660112452,-1
"180",180,2,0,12,0.598687660112452,-1
"181",181,1,0,12,0.598687660112452,0
"182",182,2,0,12,0.598687660112452,-1
"183",183,1,0,12,0.598687660112452,0
"184",184,1,0,12,0.598687660112452,0
"185",185,2,0,12,0.598687660112452,-1
"186",186,2,0,12,0.598687660112452,-1
"187",187,2,0,12,0.598687660112452,-1
"188",188,2,0,12,0.598687660112452,-1
"189",189,1,0,12,0.598687660112452,0
"190",190,2,0,12,0.598687660112452,-1
"191",191,1,0,12,0.598687660112452,0
"192",192,1,0,12,0.598687660112452,0
"193",193,2,0,12,0.598687660112452,-1
"194",194,2,0,12,0.598687660112452,-1
"195",195,1,0,12,0.598687660112452,0
"196",196,2,0,12,0.598687660112452,-1
"197",197,2,0,12,0.598687660112452,-1
"198",198,1,0,12,0.598687660112452,0
"199",199,1,0,12,0.598687660112452,0
"200",200,2,0,12,0.598687660112452,-1
"201",201,1,0,12,0.598687660112452,0
"202",202,1,0,12,0.598687660112452,0
"203",203,1,0,12,0.598687660112452,0
"204",204,1,0,12,0.598687660112452,0
"205",205,1,0,12,0.598687660112452,0
"206",206,2,0,12,0.598687660112452,-1
"207",207,1,0,12,0.598687660112452,0
"208",208,1,0,12,0.598687660112452,0
"209",209,1,0,12,0.598687660112452,0
"210",210,1,0,12,0.598687660112452,0
"211",211,1,0,12,0.598687660112452,0
"212",212,2,0,12,0.598687660112452,-1
"213",213,1,0,12,0.598687660112452,0
"214",214,2,0,12,0.598687660112452,-1
"215",215,1,0,12,0.598687660112452,0
"216",216,2,0,12,0.598687660112452,-1
"217",217,2,0,12,0.598687660112452,-1
"218",218,2,0,12,0.598687660112452,-1
"219",219,1,0,12,0.598687660112452,0
"220",220,2,0,12,0.598687660112452,-1
"221",221,1,0,12,0.598687660112452,0
"222",222,1,0,12,0.598687660112452,0
"223",223,1,0,12,0.598687660112452,0
"224",224,2,0,12,0.598687660112452,-1
"225",225,1,0,12,0.598687660112452,0
"226",226,2,0,12,0.598687660112452,-1
"227",227,1,0,12,0.598687660112452,0
"228",228,1,0,12,0.598687660112452,0
"229",229,1,0,12,0.598687660112452,0
"230",230,1,0,12,0.598687660112452,0
"231",231,2,0,12,0.598687660112452,-1
"232",232,2,0,12,0.598687660112452,-1
"233",233,1,0,12,0.598687660112452,0
"234",234,1,0,12,0.598687660112452,0
"235",235,1,0,12,0.598687660112452,0
"236",236,2,0,12,0.598687660112452,-1
"237",237,2,0,12,0.598687660112452,-1
"238",238,1,0,12,0.598687660112452,0
"239",239,1,0,12,0.598687660112452,0
"240",240,1,0,12,0.598687660112452,0
"241",241,1,0,12,0.598687660112452,0
"242",242,1,0,12,0.598687660112452,0
"243",243,1,0,12,0.598687660112452,0
"244",244,2,0,12,0.598687660112452,-1
"245",245,2,0,12,0.598687660112452,-1
"246",246,2,0,12,0.598687660112452,-1
"247",247,1,0,12,0.598687660112452,0
"248",248,1,0,12,0.598687660112452,0
"249",249,1,0,12,0.598687660112452,0
"250",250,2,0,12,0.598687660112452,-1
"251",251,1,1,13,0.598687660112452,0
"252",252,1,0,13,0.622459331201854,0
"253",253,2,0,13,0.622459331201854,-1
"254",254,1,0,13,0.622459331201854,0
"255",255,1,0,13,0.622459331201854,0
"256",256,1,0,13,0.622459331201854,0
"257",257,2,0,13,0.622459331201854,-1
"258",258,1,0,13,0.622459331201854,0
"259",259,1,0,13,0.622459331201854,0
"260",260,1,0,13,0.622459331201854,0
"261",261,1,0,13,0.622459331201854,0
"262",262,2,0,13,0.622459331201854,-1
"263",263,1,0,13,0.622459331201854,0
"264",264,2,0,13,0.622459331201854,-1
"265",265,2,0,13,0.622459331201854,-1
"266",266,1,0,13,0.622459331201854,0
"267",267,1,0,13,0.622459331201854,0
"268",268,1,0,13,0.622459331201854,0
"269",269,2,0,13,0.622459331201854,-1
"270",270,1,0,13,0.622459331201854,0
"271",271,1,0,13,0.622459331201854,0
"272",272,2,0,13,0.622459331201854,-1
"273",273,1,0,13,0.622459331201854,0
"274",274,2,0,13,0.622459331201854,-1
"275",275,1,0,13,0.622459331201854,0
"276",276,1,0,13,0.622459331201854,0
"277",277,2,0,13,0.622459331201854,-1
"278",278,1,0,13,0.622459331201854,0
"279",279,1,0,13,0.622459331201854,0
"280",280,2,0,13,0.622459331201854,-1
"281",281,2,0,13,0.622459331201854,-1
"282",282,2,0,13,0.622459331201854,-1
"283",283,1,0,13,0.622459331201854,0
"284",284,2,0,13,0.622459331201854,-1
"285",285,1,0,13,0.622459331201854,0
"286",286,1,0,13,0.622459331201854,0
"287",287,2,0,13,0.622459331201854,-1
"288",288,2,0,13,0.622459331201854,-1
"289",289,1,0,13,0.622459331201854,0
"290",290,2,0,13,0.622459331201854,-1
"291",291,1,0,13,0.622459331201854,0
"292",292,2,0,13,0.622459331201854,-1
"293",293,1,0,13,0.622459331201854,0
"294",294,1,0,13,0.622459331201854,0
"295",295,1,0,13,0.622459331201854,0
"296",296,1,0,13,0.622459331201854,0
"297",297,1,0,13,0.622459331201854,0
"298",298,1,0,13,0.622459331201854,0
"299",299,1,1,14,0.622459331201854,0
"300",300,1,0,14,0.645656306225796,0
"301",301,2,0,14,0.645656306225796,-1
"302",302,1,0,14,0.645656306225796,0
"303",303,1,0,14,0.645656306225796,0
"304",304,2,0,14,0.645656306225796,-1
"305",305,1,0,14,0.645656306225796,0
"306",306,1,0,14,0.645656306225796,0
"307",307,1,0,14,0.645656306225796,0
"308",308,1,0,14,0.645656306225796,0
"309",309,2,0,14,0.645656306225796,-1
"310",310,1,0,14,0.645656306225796,0
"311",311,1,0,14,0.645656306225796,0
"312",312,2,0,14,0.645656306225796,-1
"313",313,1,0,14,0.645656306225796,0
"314",314,2,0,14,0.645656306225796,-1
"315",315,1,0,14,0.645656306225796,0
"316",316,1,0,14,0.645656306225796,0
"317",317,1,1,15,0.645656306225796,0
"318",318,2,0,15,0.668187772168166,-1
"319",319,1,1,16,0.668187772168166,0
"320",320,2,0,16,0.689974481127612,-1
"321",321,2,0,16,0.689974481127612,-1
"322",322,2,0,16,0.689974481127612,-1
"323",323,2,0,16,0.689974481127612,-1
"324",324,1,0,16,0.689974481127612,0
"325",325,1,0,16,0.689974481127612,0
"326",326,1,0,16,0.689974481127612,0
"327",327,1,0,16,0.689974481127612,0
"328",328,2,0,16,0.689974481127612,-1
"329",329,1,0,16,0.689974481127612,0
"330",330,1,0,16,0.689974481127612,0
"331",331,1,0,16,0.689974481127612,0
"332",332,1,0,16,0.689974481127612,0
"333",333,1,0,16,0.689974481127612,0
"334",334,1,0,16,0.689974481127612,0
"335",335,1,0,16,0.689974481127612,0
"336",336,2,0,16,0.689974481127612,-1
"337",337,2,0,16,0.689974481127612,-1
"338",338,1,0,16,0.689974481127612,0
"339",339,2,0,16,0.689974481127612,-1
"340",340,1,0,16,0.689974481127612,0
"341",341,2,0,16,0.689974481127612,-1
"342",342,1,0,16,0.689974481127612,0
"343",343,1,0,16,0.689974481127612,0
"344",344,1,0,16,0.689974481127612,0
"345",345,1,0,16,0.689974481127612,0
"346",346,1,0,16,0.689974481127612,0
"347",347,2,0,16,0.689974481127612,-1
"348",348,2,0,16,0.689974481127612,-1
"349",349,2,0,16,0.689974481127612,-1
"350",350,1,0,16,0.689974481127612,0
"351",351,1,0,16,0.689974481127612,0
"352",352,1,0,16,0.689974481127612,0
"353",353,2,0,16,0.689974481127612,-1
"354",354,2,0,16,0.689974481127612,-1
"355",355,1,0,16,0.689974481127612,0
"356",356,1,0,16,0.689974481127612,0
"357",357,1,0,16,0.689974481127612,0
"358",358,1,0,16,0.689974481127612,0
"359",359,1,0,16,0.689974481127612,0
"360",360,2,0,16,0.689974481127612,-1
"361",361,2,0,16,0.689974481127612,-1
"362",362,1,0,16,0.689974481127612,0
"363",363,1,0,16,0.689974481127612,0
"364",364,2,0,16,0.689974481127612,-1
"365",365,1,0,16,0.689974481127612,0
"366",366,1,0,16,0.689974481127612,0
"367",367,1,0,16,0.689974481127612,0
"368",368,2,0,16,0.689974481127612,-1
"369",369,2,0,16,0.689974481127612,-1
"370",370,2,0,16,0.689974481127612,-1
"371",371,1,0,16,0.689974481127612,0
"372",372,2,0,16,0.689974481127612,-1
"373",373,1,0,16,0.689974481127612,0
"374",374,2,0,16,0.689974481127612,-1
"375",375,1,0,16,0.689974481127612,0
"376",376,1,0,16,0.689974481127612,0
"377",377,2,0,16,0.689974481127612,-1
"378",378,2,0,16,0.689974481127612,-1
"379",379,1,0,16,0.689974481127612,0
"380",380,1,0,16,0.689974481127612,0
"381",381,2,0,16,0.689974481127612,-1
"382",382,1,0,16,0.689974481127612,0
"383",383,1,0,16,0.689974481127612,0
"384",384,2,0,16,0.689974481127612,-1
"385",385,1,0,16,0.689974481127612,0
"386",386,1,0,16,0.689974481127612,0
"387",387,1,0,16,0.689974481127612,0
"388",388,2,0,16,0.689974481127612,-1
"389",389,1,0,16,0.689974481127612,0
"390",390,1,0,16,0.689974481127612,0
"391",391,2,0,16,0.689974481127612,-1
"392",392,1,1,17,0.689974481127612,0
"393",393,1,0,17,0.710949502625004,0
"394",394,1,0,17,0.710949502625004,0
"395",395,1,1,18,0.710949502625004,0
"396",396,1,0,18,0.731058578630005,0
"397",397,1,0,18,0.731058578630005,0
"398",398,1,0,18,0.731058578630005,0
"399",399,1,0,18,0.731058578630005,0
"400",400,2,0,18,0.731058578630005,-1
"401",401,2,0,18,0.731058578630005,-1
"402",402,1,0,18,0.731058578630005,0
"403",403,1,0,18,0.731058578630005,0
"404",404,1,0,18,0.731058578630005,0
"405",405,1,0,18,0.731058578630005,0
"406",406,2,0,18,0.731058578630005,-1
"407",407,2,0,18,0.731058578630005,-1
"408",408,1,0,18,0.731058578630005,0
"409",409,1,0,18,0.731058578630005,0
"410",410,1,0,18,0.731058578630005,0
"411",411,1,0,18,0.731058578630005,0
"412",412,2,0,18,0.731058578630005,-1
"413",413,1,0,18,0.731058578630005,0
"414",414,1,0,18,0.731058578630005,0
"415",415,1,1,19,0.731058578630005,0
"416",416,1,0,19,0.750260105595118,0
"417",417,1,0,19,0.750260105595118,0
"418",418,1,0,19,0.750260105595118,0
"419",419,1,0,19,0.750260105595118,0
"420",420,1,0,19,0.750260105595118,0
"421",421,1,0,19,0.750260105595118,0
"422",422,1,0,19,0.750260105595118,0
"423",423,1,0,19,0.750260105595118,0
"424",424,2,0,19,0.750260105595118,-1
"425",425,1,0,19,0.750260105595118,0
"426",426,2,0,19,0.750260105595118,-1
"427",427,1,0,19,0.750260105595118,0
"428",428,1,0,19,0.750260105595118,0
"429",429,1,0,19,0.750260105595118,0
"430",430,1,0,19,0.750260105595118,0
"431",431,1,0,19,0.750260105595118,0
"432",432,2,0,19,0.750260105595118,-1
"433",433,2,0,19,0.750260105595118,-1
"434",434,2,0,19,0.750260105595118,-1
"435",435,1,0,19,0.750260105595118,0
"436",436,1,0,19,0.750260105595118,0
"437",437,1,0,19,0.750260105595118,0
"438",438,2,0,19,0.750260105595118,-1
"439",439,1,0,19,0.750260105595118,0
"440",440,2,0,19,0.750260105595118,-1
"441",441,2,0,19,0.750260105595118,-1
"442",442,1,0,19,0.750260105595118,0
"443",443,1,0,19,0.750260105595118,0
"444",444,2,0,19,0.750260105595118,-1
"445",445,1,0,19,0.750260105595118,0
"446",446,2,0,19,0.750260105595118,-1
"447",447,2,0,19,0.750260105595118,-1
"448",448,2,0,19,0.750260105595118,-1
"449",449,2,0,19,0.750260105595118,-1
"450",450,1,0,19,0.750260105595118,0
"451",451,2,0,19,0.750260105595118,-1
"452",452,1,0,19,0.750260105595118,0
"453",453,1,0,19,0.750260105595118,0
"454",454,1,1,20,0.750260105595118,0
"455",455,1,1,21,0.768524783499018,0
"456",456,1,0,21,0.785834983042559,0
"457",457,2,0,21,0.785834983042559,-1
"458",458,1,0,21,0.785834983042559,0
"459",459,1,0,21,0.785834983042559,0
"460",460,2,0,21,0.785834983042559,-1
"461",461,1,0,21,0.785834983042559,0
"462",462,1,0,21,0.785834983042559,0
"463",463,1,1,22,0.785834983042559,0
"464",464,1,0,22,0.802183888558582,0
"465",465,1,0,22,0.802183888558582,0
"466",466,1,0,22,0.802183888558582,0
"467",467,1,0,22,0.802183888558582,0
"468",468,1,0,22,0.802183888558582,0
"469",469,1,0,22,0.802183888558582,0
"470",470,2,0,22,0.802183888558582,-1
"471",471,2,0,22,0.802183888558582,-1
"472",472,2,0,22,0.802183888558582,-1
"473",473,1,0,22,0.802183888558582,0
"474",474,1,0,22,0.802183888558582,0
"475",475,1,0,22,0.802183888558582,0
"476",476,2,0,22,0.802183888558582,-1
"477",477,1,0,22,0.802183888558582,0
"478",478,1,0,22,0.802183888558582,0
"479",479,2,0,22,0.802183888558582,-1
"480",480,1,0,22,0.802183888558582,0
"481",481,1,0,22,0.802183888558582,0
"482",482,1,0,22,0.802183888558582,0
"483",483,1,0,22,0.802183888558582,0
"484",484,1,0,22,0.802183888558582,0
"485",485,1,0,22,0.802183888558582,0
"486",486,2,0,22,0.802183888558582,-1
"487",487,2,0,22,0.802183888558582,-1
"488",488,1,0,22,0.802183888558582,0
"489",489,1,0,22,0.802183888558582,0
"490",490,1,0,22,0.802183888558582,0
"491",491,1,0,22,0.802183888558582,0
"492",492,2,1,23,0.802183888558582,-1
"493",493,1,1,24,0.785834983042559,0
"494",494,1,0,24,0.802183888558582,0
"495",495,1,0,24,0.802183888558582,0
"496",496,1,0,24,0.802183888558582,0
"497",497,1,0,24,0.802183888558582,0
"498",498,1,1,25,0.802183888558582,0
"499",499,2,0,25,0.817574476193644,-1
"500",500,1,0,25,0.817574476193644,0
"501",501,1,0,25,0.817574476193644,0
"502",502,1,0,25,0.817574476193644,0
"503",503,1,0,25,0.817574476193644,0
"504",504,1,0,25,0.817574476193644,0
"505",505,1,0,25,0.817574476193644,0
"506",506,1,0,25,0.817574476193644,0
"507",507,1,0,25,0.817574476193644,0
"508",508,2,0,25,0.817574476193644,-1
"509",509,2,0,25,0.817574476193644,-1
"510",510,1,0,25,0.817574476193644,0
"511",511,2,0,25,0.817574476193644,-1
"512",512,1,0,25,0.817574476193644,0
"513",513,1,0,25,0.817574476193644,0
"514",514,1,1,26,0.817574476193644,0
"515",515,1,0,26,0.832018385133925,0
"516",516,2,0,26,0.832018385133925,-1
"517",517,1,0,26,0.832018385133925,0
"518",518,1,0,26,0.832018385133925,0
"519",519,1,0,26,0.832018385133925,0
"520",520,1,0,26,0.832018385133925,0
"521",521,1,1,27,0.832018385133925,0
"522",522,1,0,27,0.845534734916465,0
"523",523,2,0,27,0.845534734916465,-1
"524",524,2,0,27,0.845534734916465,-1
"525",525,1,0,27,0.845534734916465,0
"526",526,1,1,28,0.845534734916465,0
"527",527,2,0,28,0.858148935099512,-1
"528",528,2,0,28,0.858148935099512,-1
"529",529,1,0,28,0.858148935099512,0
"530",530,1,0,28,0.858148935099512,0
"531",531,2,0,28,0.858148935099512,-1
"532",532,1,0,28,0.858148935099512,0
"533",533,1,0,28,0.858148935099512,0
"534",534,1,0,28,0.858148935099512,0
"535",535,1,0,28,0.858148935099512,0
"536",536,2,0,28,0.858148935099512,-1
"537",537,1,1,29,0.858148935099512,0
"538",538,1,0,29,0.869891525637002,0
"539",539,1,0,29,0.869891525637002,0
"540",540,1,0,29,0.869891525637002,0
"541",541,1,0,29,0.869891525637002,0
"542",542,1,0,29,0.869891525637002,0
"543",543,1,0,29,0.869891525637002,0
"544",544,1,0,29,0.869891525637002,0
"545",545,1,0,29,0.869891525637002,0
"546",546,1,0,29,0.869891525637002,0
"547",547,1,0,29,0.869891525637002,0
"548",548,1,0,29,0.869891525637002,0
"549",549,1,0,29,0.869891525637002,0
"550",550,1,0,29,0.869891525637002,0
"551",551,1,0,29,0.869891525637002,0
"552",552,2,0,29,0.869891525637002,-1
"553",553,1,0,29,0.869891525637002,0
"554",554,1,0,29,0.869891525637002,0
"555",555,1,0,29,0.869891525637002,0
"556",556,1,0,29,0.869891525637002,0
"557",557,1,0,29,0.869891525637002,0
"558",558,1,0,29,0.869891525637002,0
"559",559,1,0,29,0.869891525637002,0
"560",560,1,0,29,0.869891525637002,0
"561",561,1,0,29,0.869891525637002,0
"562",562,1,0,29,0.869891525637002,0
"563",563,1,0,29,0.869891525637002,0
"564",564,2,0,29,0.869891525637002,-1
"565",565,1,0,29,0.869891525637002,0
"566",566,1,0,29,0.869891525637002,0
"567",567,1,0,29,0.869891525637002,0
"568",568,1,0,29,0.869891525637002,0
"569",569,2,0,29,0.869891525637002,-1
"570",570,1,0,29,0.869891525637002,0
"571",571,1,0,29,0.869891525637002,0
"572",572,2,0,29,0.869891525637002,-1
"573",573,1,0,29,0.869891525637002,0
"574",574,1,0,29,0.869891525637002,0
"575",575,1,0,29,0.869891525637002,0
"576",576,1,0,29,0.869891525637002,0
"577",577,1,0,29,0.869891525637002,0
"578",578,2,0,29,0.869891525637002,-1
"579",579,1,0,29,0.869891525637002,0
"580",580,1,0,29,0.869891525637002,0
"581",581,1,0,29,0.869891525637002,0
"582",582,1,0,29,0.869891525637002,0
"583",583,2,0,29,0.869891525637002,-1
"584",584,1,0,29,0.869891525637002,0
"585",585,1,0,29,0.869891525637002,0
"586",586,1,0,29,0.869891525637002,0
"587",587,1,0,29,0.869891525637002,0
"588",588,1,0,29,0.869891525637002,0
"589",589,1,0,29,0.869891525637002,0
"590",590,1,0,29,0.869891525637002,0
"591",591,1,0,29,0.869891525637002,0
"592",592,1,0,29,0.869891525637002,0
"593",593,1,1,30,0.869891525637002,0
"594",594,1,0,30,0.880797077977883,0
"595",595,1,0,30,0.880797077977883,0
"596",596,2,0,30,0.880797077977883,-1
"597",597,2,0,30,0.880797077977883,-1
"598",598,1,0,30,0.880797077977883,0
"599",599,1,0,30,0.880797077977883,0
"600",600,1,0,30,0.880797077977883,0
"601",601,1,0,30,0.880797077977883,0
"602",602,1,0,30,0.880797077977883,0
"603",603,1,0,30,0.880797077977883,0
"604",604,1,0,30,0.880797077977883,0
"605",605,1,0,30,0.880797077977883,0
"606",606,1,0,30,0.880797077977883,0
"607",607,1,1,31,0.880797077977883,0
"608",608,1,0,31,0.890903178804387,0
"609",609,1,0,31,0.890903178804387,0
"610",610,1,0,31,0.890903178804387,0
"611",611,1,0,31,0.890903178804387,0
"612",612,1,1,32,0.890903178804387,0
"613",613,1,0,32,0.900249510880315,0
"614",614,1,0,32,0.900249510880315,0
"615",615,1,0,32,0.900249510880315,0
"616",616,1,0,32,0.900249510880315,0
"617",617,1,0,32,0.900249510880315,0
"618",618,1,1,33,0.900249510880315,0
"619",619,1,0,33,0.908877038985144,0
"620",620,1,0,33,0.908877038985144,0
"621",621,2,1,34,0.908877038985144,-1
"622",622,1,0,34,0.900249510880315,0
"623",623,1,0,34,0.900249510880315,0
"624",624,1,0,34,0.900249510880315,0
"625",625,1,0,34,0.900249510880315,0
"626",626,1,0,34,0.900249510880315,0
"627",627,2,0,34,0.900249510880315,-1
"628",628,1,0,34,0.900249510880315,0
"629",629,1,0,34,0.900249510880315,0
"630",630,2,0,34,0.900249510880315,-1
"631",631,1,0,34,0.900249510880315,0
"632",632,1,0,34,0.900249510880315,0
"633",633,1,0,34,0.900249510880315,0
"634",634,1,0,34,0.900249510880315,0
"635",635,1,0,34,0.900249510880315,0
"636",636,1,0,34,0.900249510880315,0
"637",637,1,0,34,0.900249510880315,0
"638",638,1,0,34,0.900249510880315,0
"639",639,1,0,34,0.900249510880315,0
"640",640,1,0,34,0.900249510880315,0
"641",641,1,0,34,0.900249510880315,0
"642",642,1,0,34,0.900249510880315,0
"643",643,1,0,34,0.900249510880315,0
"644",644,2,0,34,0.900249510880315,-1
"645",645,1,0,34,0.900249510880315,0
"646",646,1,0,34,0.900249510880315,0
"647",647,2,0,34,0.900249510880315,-1
"648",648,1,0,34,0.900249510880315,0
"649",649,1,0,34,0.900249510880315,0
"650",650,1,0,34,0.900249510880315,0
"651",651,1,0,34,0.900249510880315,0
"652",652,1,0,34,0.900249510880315,0
"653",653,1,0,34,0.900249510880315,0
"654",654,1,0,34,0.900249510880315,0
"655",655,1,0,34,0.900249510880315,0
"656",656,2,0,34,0.900249510880315,-1
"657",657,1,0,34,0.900249510880315,0
"658",658,1,0,34,0.900249510880315,0
"659",659,1,0,34,0.900249510880315,0
"660",660,1,0,34,0.900249510880315,0
"661",661,1,0,34,0.900249510880315,0
"662",662,1,0,34,0.900249510880315,0
"663",663,1,1,35,0.900249510880315,0
"664",664,1,0,35,0.908877038985144,0
"665",665,1,0,35,0.908877038985144,0
"666",666,1,0,35,0.908877038985144,0
"667",667,1,0,35,0.908877038985144,0
"668",668,1,0,35,0.908877038985144,0
"669",669,1,0,35,0.908877038985144,0
"670",670,1,0,35,0.908877038985144,0
"671",671,1,0,35,0.908877038985144,0
"672",672,1,0,35,0.908877038985144,0
"673",673,1,0,35,0.908877038985144,0
"674",674,1,0,35,0.908877038985144,0
"675",675,1,0,35,0.908877038985144,0
"676",676,1,0,35,0.908877038985144,0
"677",677,1,0,35,0.908877038985144,0
"678",678,1,0,35,0.908877038985144,0
"679",679,1,0,35,0.908877038985144,0
"680",680,1,1,36,0.908877038985144,0
"681",681,1,0,36,0.916827303506078,0
"682",682,1,0,36,0.916827303506078,0
"683",683,1,0,36,0.916827303506078,0
"684",684,1,0,36,0.916827303506078,0
"685",685,2,0,36,0.916827303506078,-1
"686",686,1,0,36,0.916827303506078,0
"687",687,1,0,36,0.916827303506078,0
"688",688,1,0,36,0.916827303506078,0
"689",689,1,0,36,0.916827303506078,0
"690",690,1,0,36,0.916827303506078,0
"691",691,1,0,36,0.916827303506078,0
"692",692,1,0,36,0.916827303506078,0
"693",693,1,0,36,0.916827303506078,0
"694",694,1,0,36,0.916827303506078,0
"695",695,1,0,36,0.916827303506078,0
"696",696,2,0,36,0.916827303506078,-1
"697",697,1,0,36,0.916827303506078,0
"698",698,1,0,36,0.916827303506078,0
"699",699,1,0,36,0.916827303506078,0
"700",700,2,0,36,0.916827303506078,-1
"701",701,1,0,36,0.916827303506078,0
"702",702,1,0,36,0.916827303506078,0
"703",703,2,0,36,0.916827303506078,-1
"704",704,2,0,36,0.916827303506078,-1
"705",705,1,0,36,0.916827303506078,0
"706",706,1,0,36,0.916827303506078,0
"707",707,1,0,36,0.916827303506078,0
"708",708,1,0,36,0.916827303506078,0
"709",709,1,0,36,0.916827303506078,0
"710",710,1,0,36,0.916827303506078,0
"711",711,1,0,36,0.916827303506078,0
"712",712,1,0,36,0.916827303506078,0
"713",713,1,0,36,0.916827303506078,0
"714",714,1,0,36,0.916827303506078,0
"715",715,1,0,36,0.916827303506078,0
"716",716,1,0,36,0.916827303506078,0
"717",717,1,0,36,0.916827303506078,0
"718",718,1,0,36,0.916827303506078,0
"719",719,1,0,36,0.916827303506078,0
"720",720,1,0,36,0.916827303506078,0
"721",721,1,0,36,0.916827303506078,0
"722",722,1,0,36,0.916827303506078,0
"723",723,1,0,36,0.916827303506078,0
"724",724,1,0,36,0.916827303506078,0
"725",725,1,0,36,0.916827303506078,0
"726",726,1,0,36,0.916827303506078,0
"727",727,1,0,36,0.916827303506078,0
"728",728,1,0,36,0.916827303506078,0
"729",729,1,0,36,0.916827303506078,0
"730",730,1,0,36,0.916827303506078,0
"731",731,1,0,36,0.916827303506078,0
"732",732,1,0,36,0.916827303506078,0
"733",733,1,0,36,0.916827303506078,0
"734",734,1,0,36,0.916827303506078,0
"735",735,1,0,36,0.916827303506078,0
"736",736,1,0,36,0.916827303506078,0
"737",737,1,0,36,0.916827303506078,0
"738",738,1,1,37,0.916827303506078,0
"739",739,1,0,37,0.924141819978757,0
"740",740,1,0,37,0.924141819978757,0
"741",741,1,0,37,0.924141819978757,0
"742",742,1,0,37,0.924141819978757,0
"743",743,1,0,37,0.924141819978757,0
"744",744,1,0,37,0.924141819978757,0
"745",745,1,0,37,0.924141819978757,0
"746",746,1,0,37,0.924141819978757,0
"747",747,1,0,37,0.924141819978757,0
"748",748,1,0,37,0.924141819978757,0
"749",749,1,0,37,0.924141819978757,0
"750",750,2,0,37,0.924141819978757,-1
"751",751,1,0,37,0.924141819978757,0
"752",752,1,0,37,0.924141819978757,0
"753",753,1,0,37,0.924141819978757,0
"754",754,1,0,37,0.924141819978757,0
"755",755,1,0,37,0.924141819978757,0
"756",756,1,0,37,0.924141819978757,0
"757",757,1,0,37,0.924141819978757,0
"758",758,1,0,37,0.924141819978757,0
"759",759,1,0,37,0.924141819978757,0
"760",760,1,0,37,0.924141819978757,0
"761",761,1,0,37,0.924141819978757,0
"762",762,1,0,37,0.924141819978757,0
"763",763,1,0,37,0.924141819978757,0
"764",764,1,0,37,0.924141819978757,0
"765",765,1,0,37,0.924141819978757,0
"766",766,1,0,37,0.924141819978757,0
"767",767,1,0,37,0.924141819978757,0
"768",768,1,0,37,0.924141819978757,0
"769",769,2,0,37,0.924141819978757,-1
"770",770,1,0,37,0.924141819978757,0
"771",771,1,0,37,0.924141819978757,0
"772",772,1,0,37,0.924141819978757,0
"773",773,1,0,37,0.924141819978757,0
"774",774,1,0,37,0.924141819978757,0
"775",775,1,0,37,0.924141819978757,0
"776",776,2,0,37,0.924141819978757,-1
"777",777,2,0,37,0.924141819978757,-1
"778",778,1,0,37,0.924141819978757,0
"779",779,1,0,37,0.924141819978757,0
"780",780,1,0,37,0.924141819978757,0
"781",781,1,0,37,0.924141819978757,0
"782",782,1,0,37,0.924141819978757,0
"783",783,1,0,37,0.924141819978757,0
"784",784,1,0,37,0.924141819978757,0
"785",785,1,0,37,0.924141819978757,0
"786",786,1,0,37,0.924141819978757,0
"787",787,2,0,37,0.924141819978757,-1
"788",788,1,0,37,0.924141819978757,0
"789",789,1,0,37,0.924141819978757,0
"790",790,1,0,37,0.924141819978757,0
"791",791,1,0,37,0.924141819978757,0
"792",792,1,0,37,0.924141819978757,0
"793",793,1,0,37,0.924141819978757,0
"794",794,1,0,37,0.924141819978757,0
"795",795,1,0,37,0.924141819978757,0
"796",796,1,0,37,0.924141819978757,0
"797",797,1,0,37,0.924141819978757,0
"798",798,1,0,37,0.924141819978757,0
"799",799,1,0,37,0.924141819978757,0
"800",800,1,0,37,0.924141819978757,0
"801",801,1,0,37,0.924141819978757,0
"802",802,1,1,38,0.924141819978757,0
"803",803,1,0,38,0.930861579656653,0
"804",804,1,0,38,0.930861579656653,0
"805",805,1,0,38,0.930861579656653,0
"806",806,1,0,38,0.930861579656653,0
"807",807,1,0,38,0.930861579656653,0
"808",808,1,0,38,0.930861579656653,0
"809",809,2,1,39,0.930861579656653,-1
"810",810,1,0,39,0.924141819978757,0
"811",811,1,0,39,0.924141819978757,0
"812",812,1,0,39,0.924141819978757,0
"813",813,1,1,40,0.924141819978757,0
"814",814,1,0,40,0.930861579656653,0
"815",815,1,0,40,0.930861579656653,0
"816",816,1,0,40,0.930861579656653,0
"817",817,1,0,40,0.930861579656653,0
"818",818,1,0,40,0.930861579656653,0
"819",819,1,0,40,0.930861579656653,0
"820",820,1,0,40,0.930861579656653,0
"821",821,2,0,40,0.930861579656653,-1
"822",822,2,0,40,0.930861579656653,-1
"823",823,1,0,40,0.930861579656653,0
"824",824,1,0,40,0.930861579656653,0
"825",825,1,0,40,0.930861579656653,0
"826",826,1,0,40,0.930861579656653,0
"827",827,1,0,40,0.930861579656653,0
"828",828,1,0,40,0.930861579656653,0
"829",829,1,0,40,0.930861579656653,0
"830",830,1,0,40,0.930861579656653,0
"831",831,1,0,40,0.930861579656653,0
"832",832,1,0,40,0.930861579656653,0
"833",833,1,0,40,0.930861579656653,0
"834",834,1,0,40,0.930861579656653,0
"835",835,1,0,40,0.930861579656653,0
"836",836,1,0,40,0.930861579656653,0
"837",837,1,0,40,0.930861579656653,0
"838",838,1,0,40,0.930861579656653,0
"839",839,1,0,40,0.930861579656653,0
"840",840,1,0,40,0.930861579656653,0
"841",841,1,0,40,0.930861579656653,0
"842",842,1,0,40,0.930861579656653,0
"843",843,1,0,40,0.930861579656653,0
"844",844,1,1,41,0.930861579656653,0
"845",845,1,0,41,0.937026643943004,0
"846",846,1,1,42,0.937026643943004,0
"847",847,2,0,42,0.942675824101131,-1
"848",848,1,0,42,0.942675824101131,0
"849",849,1,1,43,0.942675824101131,0
"850",850,1,0,43,0.947846436921582,0
"851",851,1,0,43,0.947846436921582,0
"852",852,1,0,43,0.947846436921582,0
"853",853,1,1,44,0.947846436921582,0
"854",854,1,0,44,0.952574126822433,0
"855",855,1,0,44,0.952574126822433,0
"856",856,1,0,44,0.952574126822433,0
"857",857,1,0,44,0.952574126822433,0
"858",858,1,0,44,0.952574126822433,0
"859",859,1,0,44,0.952574126822433,0
"860",860,1,0,44,0.952574126822433,0
"861",861,1,1,45,0.952574126822433,0
"862",862,1,0,45,0.956892745058914,0
"863",863,2,0,45,0.956892745058914,-1
"864",864,1,0,45,0.956892745058914,0
"865",865,1,0,45,0.956892745058914,0
"866",866,1,0,45,0.956892745058914,0
"867",867,1,0,45,0.956892745058914,0
"868",868,1,0,45,0.956892745058914,0
"869",869,1,0,45,0.956892745058914,0
"870",870,1,0,45,0.956892745058914,0
"871",871,1,0,45,0.956892745058914,0
"872",872,1,0,45,0.956892745058914,0
"873",873,1,0,45,0.956892745058914,0
"874",874,1,0,45,0.956892745058914,0
"875",875,1,0,45,0.956892745058914,0
"876",876,1,1,46,0.956892745058914,0
"877",877,1,0,46,0.960834277203236,0
"878",878,1,0,46,0.960834277203236,0
"879",879,1,0,46,0.960834277203236,0
"880",880,2,0,46,0.960834277203236,-1
"881",881,1,0,46,0.960834277203236,0
"882",882,1,0,46,0.960834277203236,0
"883",883,1,0,46,0.960834277203236,0
"884",884,1,0,46,0.960834277203236,0
"885",885,1,0,46,0.960834277203236,0
"886",886,1,0,46,0.960834277203236,0
"887",887,1,0,46,0.960834277203236,0
"888",888,1,0,46,0.960834277203236,0
"889",889,1,0,46,0.960834277203236,0
"890",890,1,0,46,0.960834277203236,0
"891",891,1,0,46,0.960834277203236,0
"892",892,1,0,46,0.960834277203236,0
"893",893,1,0,46,0.960834277203236,0
"894",894,1,0,46,0.960834277203236,0
"895",895,1,0,46,0.960834277203236,0
"896",896,1,0,46,0.960834277203236,0
"897",897,1,0,46,0.960834277203236,0
"898",898,1,0,46,0.960834277203236,0
"899",899,1,0,46,0.960834277203236,0
"900",900,1,0,46,0.960834277203236,0
"901",901,1,0,46,0.960834277203236,0
"902",902,1,0,46,0.960834277203236,0
"903",903,1,0,46,0.960834277203236,0
"904",904,1,0,46,0.960834277203236,0
"905",905,1,0,46,0.960834277203236,0
"906",906,1,0,46,0.960834277203236,0
"907",907,1,0,46,0.960834277203236,0
"908",908,1,0,46,0.960834277203236,0
"909",909,1,0,46,0.960834277203236,0
"910",910,1,0,46,0.960834277203236,0
"911",911,1,0,46,0.960834277203236,0
"912",912,1,0,46,0.960834277203236,0
"913",913,1,0,46,0.960834277203236,0
"914",914,1,0,46,0.960834277203236,0
"915",915,1,0,46,0.960834277203236,0
"916",916,1,0,46,0.960834277203236,0
"917",917,1,1,47,0.960834277203236,0
"918",918,1,0,47,0.964428810727364,0
"919",919,1,0,47,0.964428810727364,0
"920",920,1,0,47,0.964428810727364,0
"921",921,1,0,47,0.964428810727364,0
"922",922,1,0,47,0.964428810727364,0
"923",923,1,0,47,0.964428810727364,0
"924",924,1,0,47,0.964428810727364,0
"925",925,1,0,47,0.964428810727364,0
"926",926,1,0,47,0.964428810727364,0
"927",927,1,0,47,0.964428810727364,0
"928",928,1,0,47,0.964428810727364,0
"929",929,1,0,47,0.964428810727364,0
"930",930,1,0,47,0.964428810727364,0
"931",931,1,0,47,0.964428810727364,0
"932",932,1,0,47,0.964428810727364,0
"933",933,1,0,47,0.964428810727364,0
"934",934,1,0,47,0.964428810727364,0
"935",935,1,0,47,0.964428810727364,0
"936",936,1,0,47,0.964428810727364,0
"937",937,1,0,47,0.964428810727364,0
"938",938,2,0,47,0.964428810727364,-1
"939",939,1,0,47,0.964428810727364,0
"940",940,1,0,47,0.964428810727364,0
"941",941,1,0,47,0.964428810727364,0
"942",942,1,0,47,0.964428810727364,0
"943",943,1,0,47,0.964428810727364,0
"944",944,1,0,47,0.964428810727364,0
"945",945,1,0,47,0.964428810727364,0
"946",946,1,0,47,0.964428810727364,0
"947",947,1,0,47,0.964428810727364,0
"948",948,1,0,47,0.964428810727364,0
"949",949,1,0,47,0.964428810727364,0
"950",950,1,0,47,0.964428810727364,0
"951",951,1,0,47,0.964428810727364,0
"952",952,1,0,47,0.964428810727364,0
"953",953,1,0,47,0.964428810727364,0
"954",954,1,0,47,0.964428810727364,0
"955",955,1,0,47,0.964428810727364,0
"956",956,1,0,47,0.964428810727364,0
"957",957,1,0,47,0.964428810727364,0
"958",958,1,0,47,0.964428810727364,0
"959",959,1,0,47,0.964428810727364,0
"960",960,1,0,47,0.964428810727364,0
"961",961,2,0,47,0.964428810727364,-1
"962",962,1,0,47,0.964428810727364,0
"963",963,1,0,47,0.964428810727364,0
"964",964,1,0,47,0.964428810727364,0
"965",965,1,0,47,0.964428810727364,0
"966",966,1,0,47,0.964428810727364,0
"967",967,1,0,47,0.964428810727364,0
"968",968,1,0,47,0.964428810727364,0
"969",969,1,0,47,0.964428810727364,0
"970",970,1,0,47,0.964428810727364,0
"971",971,1,0,47,0.964428810727364,0
"972",972,1,0,47,0.964428810727364,0
"973",973,1,0,47,0.964428810727364,0
"974",974,1,0,47,0.964428810727364,0
"975",975,2,0,47,0.964428810727364,-1
"976",976,1,0,47,0.964428810727364,0
"977",977,1,0,47,0.964428810727364,0
"978",978,1,0,47,0.964428810727364,0
"979",979,1,0,47,0.964428810727364,0
"980",980,1,0,47,0.964428810727364,0
"981",981,1,0,47,0.964428810727364,0
"982",982,1,0,47,0.964428810727364,0
"983",983,1,0,47,0.964428810727364,0
"984",984,1,0,47,0.964428810727364,0
"985",985,1,0,47,0.964428810727364,0
"986",986,1,0,47,0.964428810727364,0
"987",987,1,0,47,0.964428810727364,0
"988",988,2,0,47,0.964428810727364,-1
"989",989,1,0,47,0.964428810727364,0
"990",990,1,0,47,0.964428810727364,0
"991",991,1,0,47,0.964428810727364,0
"992",992,1,0,47,0.964428810727364,0
"993",993,1,0,47,0.964428810727364,0
"994",994,1,0,47,0.964428810727364,0
"995",995,1,0,47,0.964428810727364,0
"996",996,1,0,47,0.964428810727364,0
"997",997,1,0,47,0.964428810727364,0
"998",998,1,0,47,0.964428810727364,0
"999",999,1,0,47,0.964428810727364,0
"1000",1000,1,0,47,0.964428810727364,0
